/*
 Navicat Premium Data Transfer

 Source Server         : mwd
 Source Server Type    : MySQL
 Source Server Version : 80036 (8.0.36-0ubuntu0.22.04.1)
 Source Host           : 103.179.57.96:3306
 Source Schema         : db_kasir

 Target Server Type    : MySQL
 Target Server Version : 80036 (8.0.36-0ubuntu0.22.04.1)
 File Encoding         : 65001

 Date: 22/02/2024 09:12:15
*/

SET NAMES utf8mb4;
SET FOREIGN_KEY_CHECKS = 0;

-- ----------------------------
-- Table structure for accounts
-- ----------------------------
DROP TABLE IF EXISTS `accounts`;
CREATE TABLE `accounts`  (
  `id` bigint UNSIGNED NOT NULL AUTO_INCREMENT,
  `account_code` varchar(255) CHARACTER SET utf8mb4 COLLATE utf8mb4_unicode_ci NOT NULL,
  `name` varchar(255) CHARACTER SET utf8mb4 COLLATE utf8mb4_unicode_ci NOT NULL,
  `user_id` bigint UNSIGNED NULL DEFAULT NULL,
  `shop_id` bigint UNSIGNED NULL DEFAULT NULL,
  `branch_id` bigint UNSIGNED NULL DEFAULT NULL,
  `updated_by` bigint UNSIGNED NULL DEFAULT NULL,
  `created_at` timestamp NULL DEFAULT NULL,
  `updated_at` timestamp NULL DEFAULT NULL,
  PRIMARY KEY (`id`) USING BTREE
) ENGINE = InnoDB AUTO_INCREMENT = 2 CHARACTER SET = utf8mb4 COLLATE = utf8mb4_unicode_ci ROW_FORMAT = Dynamic;

-- ----------------------------
-- Records of accounts
-- ----------------------------
INSERT INTO `accounts` VALUES (1, '1-0001', 'Kas Pengeluaran', NULL, NULL, NULL, NULL, '2024-02-11 14:32:46', '2024-02-11 14:32:46');

-- ----------------------------
-- Table structure for banks
-- ----------------------------
DROP TABLE IF EXISTS `banks`;
CREATE TABLE `banks`  (
  `id` bigint UNSIGNED NOT NULL AUTO_INCREMENT,
  `name` varchar(255) CHARACTER SET utf8mb4 COLLATE utf8mb4_unicode_ci NOT NULL,
  `account_no` bigint NOT NULL,
  `virtual_acc` varchar(255) CHARACTER SET utf8mb4 COLLATE utf8mb4_unicode_ci NOT NULL,
  `saldo` bigint NOT NULL,
  `user_id` bigint UNSIGNED NULL DEFAULT NULL,
  `shop_id` bigint UNSIGNED NULL DEFAULT NULL,
  `branch_id` bigint UNSIGNED NULL DEFAULT NULL,
  `updated_by` bigint UNSIGNED NULL DEFAULT NULL,
  `created_at` timestamp NULL DEFAULT NULL,
  `updated_at` timestamp NULL DEFAULT NULL,
  PRIMARY KEY (`id`) USING BTREE
) ENGINE = InnoDB CHARACTER SET = utf8mb4 COLLATE = utf8mb4_unicode_ci ROW_FORMAT = Dynamic;

-- ----------------------------
-- Records of banks
-- ----------------------------

-- ----------------------------
-- Table structure for branches
-- ----------------------------
DROP TABLE IF EXISTS `branches`;
CREATE TABLE `branches`  (
  `id` bigint UNSIGNED NOT NULL AUTO_INCREMENT,
  `branch_name` varchar(255) CHARACTER SET utf8mb4 COLLATE utf8mb4_unicode_ci NOT NULL,
  `address` varchar(255) CHARACTER SET utf8mb4 COLLATE utf8mb4_unicode_ci NULL DEFAULT NULL,
  `branch_code` varchar(255) CHARACTER SET utf8mb4 COLLATE utf8mb4_unicode_ci NULL DEFAULT NULL,
  `city_id` int NULL DEFAULT NULL,
  `created_by` int NULL DEFAULT NULL,
  `updated_by` int NULL DEFAULT NULL,
  `created_at` timestamp NULL DEFAULT NULL,
  `updated_at` timestamp NULL DEFAULT NULL,
  PRIMARY KEY (`id`) USING BTREE
) ENGINE = InnoDB AUTO_INCREMENT = 3 CHARACTER SET = utf8mb4 COLLATE = utf8mb4_unicode_ci ROW_FORMAT = Dynamic;

-- ----------------------------
-- Records of branches
-- ----------------------------
INSERT INTO `branches` VALUES (1, 'Jakarta', 'jkt timur edited', 'JKT1101', 145, 1, 1, '2024-02-12 22:01:22', '2024-02-13 05:30:45');
INSERT INTO `branches` VALUES (2, 'Bandung', 'tes', 'BDO1301', 22, 1, NULL, '2024-02-19 09:38:54', '2024-02-19 09:38:54');

-- ----------------------------
-- Table structure for carts
-- ----------------------------
DROP TABLE IF EXISTS `carts`;
CREATE TABLE `carts`  (
  `id` bigint UNSIGNED NOT NULL AUTO_INCREMENT,
  `user_id` bigint UNSIGNED NOT NULL,
  `product_id` bigint UNSIGNED NOT NULL,
  `qty` int NOT NULL,
  `price` bigint NOT NULL,
  `disc` bigint NULL DEFAULT NULL,
  `created_by` int NOT NULL,
  `updated_by` int NULL DEFAULT NULL,
  `shop_id` bigint UNSIGNED NOT NULL,
  `created_at` timestamp NULL DEFAULT NULL,
  `updated_at` timestamp NULL DEFAULT NULL,
  PRIMARY KEY (`id`) USING BTREE
) ENGINE = InnoDB AUTO_INCREMENT = 77 CHARACTER SET = utf8mb4 COLLATE = utf8mb4_unicode_ci ROW_FORMAT = Dynamic;

-- ----------------------------
-- Records of carts
-- ----------------------------

-- ----------------------------
-- Table structure for categories
-- ----------------------------
DROP TABLE IF EXISTS `categories`;
CREATE TABLE `categories`  (
  `id` bigint UNSIGNED NOT NULL AUTO_INCREMENT,
  `name` varchar(255) CHARACTER SET utf8mb4 COLLATE utf8mb4_unicode_ci NOT NULL,
  `description` text CHARACTER SET utf8mb4 COLLATE utf8mb4_unicode_ci NOT NULL,
  `group_id` int NOT NULL,
  `user_id` int NOT NULL,
  `updated_by` int NULL DEFAULT NULL,
  `status_id` bigint UNSIGNED NOT NULL,
  `shop_id` bigint UNSIGNED NOT NULL,
  `created_at` timestamp NULL DEFAULT NULL,
  `updated_at` timestamp NULL DEFAULT NULL,
  PRIMARY KEY (`id`) USING BTREE
) ENGINE = InnoDB AUTO_INCREMENT = 5 CHARACTER SET = utf8mb4 COLLATE = utf8mb4_unicode_ci ROW_FORMAT = Dynamic;

-- ----------------------------
-- Records of categories
-- ----------------------------
INSERT INTO `categories` VALUES (1, 'Minuman', 'tes1231', 2, 1, 1, 1, 1, '2024-02-13 06:05:02', '2024-02-13 13:37:25');
INSERT INTO `categories` VALUES (2, 'Makanan', 'tes1231', 2, 1, 1, 1, 1, '2024-02-13 06:05:02', '2024-02-13 13:37:25');
INSERT INTO `categories` VALUES (3, 'Salary', 'account (expense)', 1, 1, 1, 1, 1, '2024-02-17 17:26:13', '2024-02-17 17:26:13');
INSERT INTO `categories` VALUES (4, 'Baju Polos', 'tes', 2, 3, NULL, 1, 2, '2024-02-21 10:09:25', '2024-02-21 10:09:25');

-- ----------------------------
-- Table structure for customers
-- ----------------------------
DROP TABLE IF EXISTS `customers`;
CREATE TABLE `customers`  (
  `id` bigint UNSIGNED NOT NULL AUTO_INCREMENT,
  `shop_id` bigint UNSIGNED NOT NULL,
  `user_id` bigint UNSIGNED NOT NULL,
  `customer_id` varchar(255) CHARACTER SET utf8mb4 COLLATE utf8mb4_unicode_ci NULL DEFAULT NULL,
  `customer_name` varchar(255) CHARACTER SET utf8mb4 COLLATE utf8mb4_unicode_ci NOT NULL,
  `phone` varchar(255) CHARACTER SET utf8mb4 COLLATE utf8mb4_unicode_ci NOT NULL,
  `address` varchar(255) CHARACTER SET utf8mb4 COLLATE utf8mb4_unicode_ci NULL DEFAULT NULL,
  `updated_by` int NULL DEFAULT NULL,
  `created_at` timestamp NULL DEFAULT NULL,
  `updated_at` timestamp NULL DEFAULT NULL,
  PRIMARY KEY (`id`) USING BTREE
) ENGINE = InnoDB AUTO_INCREMENT = 8 CHARACTER SET = utf8mb4 COLLATE = utf8mb4_unicode_ci ROW_FORMAT = Dynamic;

-- ----------------------------
-- Records of customers
-- ----------------------------
INSERT INTO `customers` VALUES (1, 1, 1, 'CS00001', 'tester', '083813131', 'Jakarta', 1, '2024-02-13 14:38:01', '2024-02-21 19:33:45');
INSERT INTO `customers` VALUES (2, 1, 1, 'mwd0001', 'oke bos', '3131', 'tes', NULL, '2024-02-18 07:11:17', '2024-02-18 07:11:17');
INSERT INTO `customers` VALUES (3, 1, 1, 'MWD0002', 'Anta', '313131', 'tes', NULL, '2024-02-18 07:11:39', '2024-02-18 07:11:39');
INSERT INTO `customers` VALUES (4, 1, 1, 'MWD0003', 'asd', '3131', 'tes', NULL, '2024-02-18 07:12:16', '2024-02-18 07:12:16');
INSERT INTO `customers` VALUES (5, 1, 1, 'MWD0004', 'asgawga', '4141', 'tes', NULL, '2024-02-18 07:13:13', '2024-02-18 07:13:13');
INSERT INTO `customers` VALUES (6, 2, 2, 'MWSCS0001', 'tes', '3131', 'teses', NULL, '2024-02-18 13:57:18', '2024-02-18 13:57:18');
INSERT INTO `customers` VALUES (7, 2, 3, 'MWSCS0002', 'BukaLapak', '102818', 'tses', NULL, '2024-02-21 10:09:41', '2024-02-21 10:09:41');

-- ----------------------------
-- Table structure for expenses
-- ----------------------------
DROP TABLE IF EXISTS `expenses`;
CREATE TABLE `expenses`  (
  `id` bigint UNSIGNED NOT NULL AUTO_INCREMENT,
  `expense_id` varchar(255) CHARACTER SET utf8mb4 COLLATE utf8mb4_unicode_ci NULL DEFAULT NULL,
  `category_id` bigint UNSIGNED NOT NULL,
  `desc` text CHARACTER SET utf8mb4 COLLATE utf8mb4_unicode_ci NOT NULL,
  `amount` varchar(255) CHARACTER SET utf8mb4 COLLATE utf8mb4_unicode_ci NOT NULL,
  `expense_date` varchar(255) CHARACTER SET utf8mb4 COLLATE utf8mb4_unicode_ci NULL DEFAULT NULL,
  `shop_id` bigint UNSIGNED NOT NULL,
  `user_id` bigint UNSIGNED NOT NULL,
  `created_by` bigint UNSIGNED NULL DEFAULT NULL,
  `created_at` timestamp NULL DEFAULT NULL,
  `updated_at` timestamp NULL DEFAULT NULL,
  PRIMARY KEY (`id`) USING BTREE
) ENGINE = InnoDB AUTO_INCREMENT = 2 CHARACTER SET = utf8mb4 COLLATE = utf8mb4_unicode_ci ROW_FORMAT = Dynamic;

-- ----------------------------
-- Records of expenses
-- ----------------------------
INSERT INTO `expenses` VALUES (1, 'MWDEX0001', 3, 'Makan', '30000', '2024-02-19', 1, 1, NULL, '2024-02-18 13:32:49', '2024-02-18 13:32:49');

-- ----------------------------
-- Table structure for failed_jobs
-- ----------------------------
DROP TABLE IF EXISTS `failed_jobs`;
CREATE TABLE `failed_jobs`  (
  `id` bigint UNSIGNED NOT NULL AUTO_INCREMENT,
  `uuid` varchar(255) CHARACTER SET utf8mb4 COLLATE utf8mb4_unicode_ci NOT NULL,
  `connection` text CHARACTER SET utf8mb4 COLLATE utf8mb4_unicode_ci NOT NULL,
  `queue` text CHARACTER SET utf8mb4 COLLATE utf8mb4_unicode_ci NOT NULL,
  `payload` longtext CHARACTER SET utf8mb4 COLLATE utf8mb4_unicode_ci NOT NULL,
  `exception` longtext CHARACTER SET utf8mb4 COLLATE utf8mb4_unicode_ci NOT NULL,
  `failed_at` timestamp NOT NULL DEFAULT CURRENT_TIMESTAMP,
  PRIMARY KEY (`id`) USING BTREE,
  UNIQUE INDEX `failed_jobs_uuid_unique`(`uuid` ASC) USING BTREE
) ENGINE = InnoDB CHARACTER SET = utf8mb4 COLLATE = utf8mb4_unicode_ci ROW_FORMAT = Dynamic;

-- ----------------------------
-- Records of failed_jobs
-- ----------------------------

-- ----------------------------
-- Table structure for groups
-- ----------------------------
DROP TABLE IF EXISTS `groups`;
CREATE TABLE `groups`  (
  `id` bigint UNSIGNED NOT NULL AUTO_INCREMENT,
  `name` varchar(255) CHARACTER SET utf8mb4 COLLATE utf8mb4_unicode_ci NOT NULL,
  `desc` varchar(255) CHARACTER SET utf8mb4 COLLATE utf8mb4_unicode_ci NULL DEFAULT NULL,
  `created_by` bigint NULL DEFAULT NULL,
  `updated_by` bigint NULL DEFAULT NULL,
  `created_at` timestamp NULL DEFAULT NULL,
  `updated_at` timestamp NULL DEFAULT NULL,
  PRIMARY KEY (`id`) USING BTREE
) ENGINE = InnoDB AUTO_INCREMENT = 3 CHARACTER SET = utf8mb4 COLLATE = utf8mb4_unicode_ci ROW_FORMAT = Dynamic;

-- ----------------------------
-- Records of groups
-- ----------------------------
INSERT INTO `groups` VALUES (1, 'categories account', NULL, NULL, 1, '2024-02-11 14:32:46', '2024-02-11 17:29:00');
INSERT INTO `groups` VALUES (2, 'Categories Product', NULL, 1, NULL, '2024-02-11 17:26:53', '2024-02-11 17:26:53');

-- ----------------------------
-- Table structure for mcity
-- ----------------------------
DROP TABLE IF EXISTS `mcity`;
CREATE TABLE `mcity`  (
  `id` int NOT NULL,
  `province_id` int NULL DEFAULT NULL,
  `tlc` varchar(50) CHARACTER SET latin1 COLLATE latin1_swedish_ci NULL DEFAULT NULL,
  `city_name` varchar(255) CHARACTER SET latin1 COLLATE latin1_swedish_ci NULL DEFAULT NULL,
  `city_districts_name` varchar(255) CHARACTER SET latin1 COLLATE latin1_swedish_ci NULL DEFAULT NULL,
  `created_date` datetime NULL DEFAULT NULL,
  `updated_date` datetime NULL DEFAULT NULL,
  `active_id` int NULL DEFAULT NULL,
  `user_id` int NULL DEFAULT NULL,
  PRIMARY KEY (`id`) USING BTREE,
  INDEX `IX_mCity`(`province_id` ASC, `tlc` ASC, `active_id` ASC, `user_id` ASC) USING BTREE,
  INDEX `FK_mCity_mActived`(`active_id` ASC) USING BTREE,
  INDEX `FK_mCity_Users`(`user_id` ASC) USING BTREE
) ENGINE = InnoDB CHARACTER SET = latin1 COLLATE = latin1_swedish_ci ROW_FORMAT = Dynamic;

-- ----------------------------
-- Records of mcity
-- ----------------------------
INSERT INTO `mcity` VALUES (1, 1, 'MEQ', 'ACEH BARAT', 'BANDA ACEH', '2018-04-12 11:00:01', '2018-04-12 11:00:01', 1, 1);
INSERT INTO `mcity` VALUES (2, 1, 'BPD', 'ACEH BARAT DAYA', 'BANDA ACEH', '2018-04-12 11:00:01', '2018-04-12 11:00:01', 1, 1);
INSERT INTO `mcity` VALUES (3, 1, 'JTH', 'ACEH BESAR', 'BANDA ACEH', '2018-04-12 11:00:01', '2018-04-12 11:00:01', 1, 1);
INSERT INTO `mcity` VALUES (4, 1, 'CLG', 'ACEH JAYA', 'BANDA ACEH', '2018-04-12 11:00:01', '2018-04-12 11:00:01', 1, 1);
INSERT INTO `mcity` VALUES (5, 1, 'TTN', 'ACEH SELATAN', 'BANDA ACEH', '2018-04-12 11:00:01', '2018-04-12 11:00:01', 1, 1);
INSERT INTO `mcity` VALUES (6, 1, 'SKL', 'ACEH SINGKIL', 'BANDA ACEH', '2018-04-12 11:00:01', '2018-04-12 11:00:01', 1, 1);
INSERT INTO `mcity` VALUES (7, 1, 'KRB', 'ACEH TAMIANG', 'BANDA ACEH', '2018-04-12 11:00:01', '2018-04-12 11:00:01', 1, 1);
INSERT INTO `mcity` VALUES (8, 1, 'TKN', 'ACEH TENGAH', 'BANDA ACEH', '2018-04-12 11:00:01', '2018-04-12 11:00:01', 1, 1);
INSERT INTO `mcity` VALUES (9, 1, 'KTN', 'ACEH TENGGARA', 'BANDA ACEH', '2018-04-12 11:00:01', '2018-04-12 11:00:01', 1, 1);
INSERT INTO `mcity` VALUES (10, 1, 'LAS', 'ACEH TIMUR', 'BANDA ACEH', '2018-04-12 11:00:01', '2018-04-12 11:00:01', 1, 1);
INSERT INTO `mcity` VALUES (11, 1, 'LSK', 'ACEH UTARA', 'BANDA ACEH', '2018-04-12 11:00:01', '2018-04-12 11:00:01', 1, 1);
INSERT INTO `mcity` VALUES (12, 5, 'LBB', 'AGAM', 'PADANG', '2018-04-12 11:00:01', '2018-04-12 11:00:01', 1, 1);
INSERT INTO `mcity` VALUES (13, 19, 'KBH', 'ALOR', 'KUPANG', '2018-04-12 11:00:01', '2018-04-12 11:00:01', 1, 1);
INSERT INTO `mcity` VALUES (14, 32, 'AMQ', 'AMBON', 'AMBON', '2018-04-12 11:00:01', '2018-04-12 11:00:01', 1, 1);
INSERT INTO `mcity` VALUES (15, 2, 'KIS', 'ASAHAN', 'MEDAN', '2018-04-12 11:00:01', '2018-04-12 11:00:01', 1, 1);
INSERT INTO `mcity` VALUES (16, 33, 'AGT', 'ASMAT', 'JAYAPURA', '2018-04-12 11:00:01', '2018-04-12 11:00:01', 1, 1);
INSERT INTO `mcity` VALUES (17, 17, 'MGW', 'BADUNG', 'DENPASAR', '2018-04-12 11:00:01', '2018-04-12 11:00:01', 1, 1);
INSERT INTO `mcity` VALUES (18, 23, 'PRN', 'BALANGAN', 'BANJARMASIN', '2018-04-12 11:00:01', '2018-04-12 11:00:01', 1, 1);
INSERT INTO `mcity` VALUES (19, 20, 'BPN', 'BALIKPAPAN', 'BALIKPAPAN', '2018-04-12 11:00:01', '2018-04-12 11:00:01', 1, 1);
INSERT INTO `mcity` VALUES (20, 1, 'BTJ', 'BANDA ACEH', 'BANDA ACEH', '2018-04-12 11:00:01', '2018-04-12 11:00:01', 1, 1);
INSERT INTO `mcity` VALUES (21, 10, 'TKG', 'BANDAR LAMPUNG', 'BANDAR LAMPUNG', '2018-04-12 11:00:01', '2018-04-12 11:00:01', 1, 1);
INSERT INTO `mcity` VALUES (22, 13, 'BDO', 'BANDUNG', 'BANDUNG', '2018-04-12 11:00:01', '2018-04-12 11:00:01', 1, 1);
INSERT INTO `mcity` VALUES (23, 13, 'NPH', 'BANDUNG BARAT', 'BANDUNG', '2018-04-12 11:00:01', '2018-04-12 11:00:01', 1, 1);
INSERT INTO `mcity` VALUES (24, 28, 'BGG', 'BANGGAI', 'PALU', '2018-04-12 11:00:01', '2018-04-12 11:00:01', 1, 1);
INSERT INTO `mcity` VALUES (25, 28, 'SKN', 'BANGGAI KEPULAUAN', 'PALU', '2018-04-12 11:00:01', '2018-04-12 11:00:01', 1, 1);
INSERT INTO `mcity` VALUES (26, 8, 'SGL', 'BANGKA', 'PANGKAL PINANG', '2018-04-12 11:00:01', '2018-04-12 11:00:01', 1, 1);
INSERT INTO `mcity` VALUES (27, 8, 'MTK', 'BANGKA BARAT', 'PANGKAL PINANG', '2018-04-12 11:00:01', '2018-04-12 11:00:01', 1, 1);
INSERT INTO `mcity` VALUES (28, 8, 'TBI', 'BANGKA SELATAN', 'PANGKAL PINANG', '2018-04-12 11:00:01', '2018-04-12 11:00:01', 1, 1);
INSERT INTO `mcity` VALUES (29, 8, 'KBA', 'BANGKA TENGAH', 'PANGKAL PINANG', '2018-04-12 11:00:01', '2018-04-12 11:00:01', 1, 1);
INSERT INTO `mcity` VALUES (30, 16, 'BKL', 'BANGKALAN', 'SURABAYA', '2018-04-12 11:00:01', '2018-04-12 11:00:01', 1, 1);
INSERT INTO `mcity` VALUES (31, 17, 'BLI', 'BANGLI', 'DENPASAR', '2018-04-12 11:00:01', '2018-04-12 11:00:01', 1, 1);
INSERT INTO `mcity` VALUES (32, 13, 'BJR', 'BANJAR', 'BANDUNG', '2018-04-12 11:00:01', '2018-04-12 11:00:01', 1, 1);
INSERT INTO `mcity` VALUES (33, 23, 'MTP', 'BANJAR', 'BANJARMASIN', '2018-04-12 11:00:01', '2018-04-12 11:00:01', 1, 1);
INSERT INTO `mcity` VALUES (34, 23, 'BDJ', 'BANJARMASIN', 'BANJARMASIN', '2018-04-12 11:00:01', '2018-04-12 11:00:01', 1, 1);
INSERT INTO `mcity` VALUES (35, 23, 'BJB', 'BANJARBARU', 'BANJARMASIN', '2018-04-12 11:00:01', '2018-04-12 11:00:01', 1, 1);
INSERT INTO `mcity` VALUES (36, 14, 'BNR', 'BANJARNEGARA', 'PURWOKERTO', '2018-04-12 11:00:01', '2020-05-11 10:05:02', 1, 8867);
INSERT INTO `mcity` VALUES (37, 25, 'BAN', 'BANTAENG', 'MAKASSAR', '2018-04-12 11:00:01', '2018-04-12 11:00:01', 1, 1);
INSERT INTO `mcity` VALUES (38, 15, 'IBL', 'BANTUL', 'YOGYAKARTA', '2018-04-12 11:00:01', '2018-04-12 11:00:01', 1, 1);
INSERT INTO `mcity` VALUES (39, 9, 'PKB', 'BANYUASIN', 'PALEMBANG', '2018-04-12 11:00:01', '2018-04-12 11:00:01', 1, 1);
INSERT INTO `mcity` VALUES (40, 14, 'PWT', 'BANYUMAS', 'PURWOKERTO', '2018-04-12 11:00:01', '2020-05-11 09:46:41', 1, 8867);
INSERT INTO `mcity` VALUES (41, 16, 'BYW', 'BANYUWANGI', 'SURABAYA', '2018-04-12 11:00:01', '2018-04-12 11:00:01', 1, 1);
INSERT INTO `mcity` VALUES (42, 30, 'MHA', 'BARITO KUALA', 'BANJARMASIN', '2018-04-12 11:00:01', '2018-04-12 11:00:01', 1, 1);
INSERT INTO `mcity` VALUES (43, 22, 'BNT', 'BARITO SELATAN', 'PALANGKARAYA', '2018-04-12 11:00:01', '2020-10-08 21:57:18', 1, 12);
INSERT INTO `mcity` VALUES (44, 22, 'TML', 'BARITO TIMUR', 'PALANGKARAYA', '2018-04-12 11:00:01', '2018-04-12 11:00:01', 1, 1);
INSERT INTO `mcity` VALUES (45, 22, 'MTW', 'BARITO UTARA', 'PALANGKARAYA', '2018-04-12 11:00:01', '2018-04-12 11:00:01', 1, 1);
INSERT INTO `mcity` VALUES (46, 25, 'BAR', 'BARRU', 'MAKASSAR', '2018-04-12 11:00:01', '2018-04-12 11:00:01', 1, 1);
INSERT INTO `mcity` VALUES (47, 4, 'BTH', 'BATAM', 'BATAM', '2018-04-12 11:00:01', '2018-04-12 11:00:01', 1, 1);
INSERT INTO `mcity` VALUES (48, 14, 'BTG', 'BATANG', 'PEKALONGAN', '2018-04-12 11:00:01', '2020-01-29 13:27:39', 1, 12);
INSERT INTO `mcity` VALUES (49, 7, 'BHR', 'BATANG HARI', 'JAMBI', '2018-04-12 11:00:01', '2020-11-11 16:43:15', 1, 12);
INSERT INTO `mcity` VALUES (50, 16, 'BTU', 'BATU', 'MALANG', '2018-04-12 11:00:01', '2018-04-12 11:00:01', 1, 1);
INSERT INTO `mcity` VALUES (51, 2, 'LMP', 'BATU BARA', 'MEDAN', '2018-04-12 11:00:01', '2018-04-12 11:00:01', 1, 1);
INSERT INTO `mcity` VALUES (52, 26, 'BUW', 'BAU-BAU', 'KENDARI', '2018-04-12 11:00:01', '2018-04-12 11:00:01', 1, 1);
INSERT INTO `mcity` VALUES (53, 13, 'BKA', 'BEKASI', 'BEKASI', '2018-04-12 11:00:01', '2019-06-25 16:13:39', 1, 12);
INSERT INTO `mcity` VALUES (54, 8, 'TJQ', 'BELITUNG', 'TANJUNG PANDAN', '2018-04-12 11:00:01', '2018-04-12 11:00:01', 1, 1);
INSERT INTO `mcity` VALUES (55, 8, 'MAN', 'BELITUNG TIMUR', 'TANJUNG PANDAN', '2018-04-12 11:00:01', '2018-04-12 11:00:01', 1, 1);
INSERT INTO `mcity` VALUES (56, 19, 'ABU', 'BELU', 'KUPANG', '2018-04-12 11:00:01', '2018-04-12 11:00:01', 1, 1);
INSERT INTO `mcity` VALUES (57, 1, 'STR', 'BENER MERIAH', 'BANDA ACEH', '2018-04-12 11:00:01', '2018-04-12 11:00:01', 1, 1);
INSERT INTO `mcity` VALUES (58, 3, 'BKI', 'BENGKALIS', 'PEKANBARU', '2018-04-12 11:00:01', '2018-04-12 11:00:01', 1, 1);
INSERT INTO `mcity` VALUES (59, 3, 'DRI', 'DURI', 'DURI', '2018-04-12 11:00:01', '2020-03-03 16:13:34', 1, 8867);
INSERT INTO `mcity` VALUES (60, 24, 'BEK', 'BENGKAYANG', 'PONTIANAK', '2018-04-12 11:00:01', '2018-04-12 11:00:01', 1, 1);
INSERT INTO `mcity` VALUES (61, 6, 'BKS', 'BENGKULU', 'BENGKULU', '2018-04-12 11:00:01', '2018-04-12 11:00:01', 1, 1);
INSERT INTO `mcity` VALUES (62, 6, 'MNA', 'BENGKULU SELATAN', 'BENGKULU', '2018-04-12 11:00:01', '2018-04-12 11:00:01', 1, 1);
INSERT INTO `mcity` VALUES (63, 6, 'KRT', 'BENGKULU TENGAH', 'BENGKULU', '2018-04-12 11:00:01', '2018-04-12 11:00:01', 1, 1);
INSERT INTO `mcity` VALUES (64, 6, 'AGM', 'BENGKULU UTARA', 'BENGKULU', '2018-04-12 11:00:01', '2018-04-12 11:00:01', 1, 1);
INSERT INTO `mcity` VALUES (65, 20, 'BEJ', 'BERAU', 'BERAU', '2018-04-12 11:00:01', '2018-04-12 11:00:01', 1, 1);
INSERT INTO `mcity` VALUES (66, 33, 'BIK', 'BIAK NUMFOR', 'BIAK', '2018-04-12 11:00:01', '2018-04-12 11:00:01', 1, 1);
INSERT INTO `mcity` VALUES (67, 18, 'BMU', 'BIMA', 'MATARAM', '2018-04-12 11:00:01', '2018-04-12 11:00:01', 1, 1);
INSERT INTO `mcity` VALUES (68, 2, 'BNJ', 'BINJAI', 'MEDAN', '2018-04-12 11:00:01', '2018-04-12 11:00:01', 1, 1);
INSERT INTO `mcity` VALUES (69, 4, 'BSB', 'BINTAN', 'TANJUNG PINANG', '2018-04-12 11:00:01', '2018-04-12 11:00:01', 1, 1);
INSERT INTO `mcity` VALUES (70, 1, 'BIR', 'BIREUEN', 'BANDA ACEH', '2018-04-12 11:00:01', '2018-04-12 11:00:01', 1, 1);
INSERT INTO `mcity` VALUES (71, 29, 'BIT', 'BITUNG', 'MANADO', '2018-04-12 11:00:01', '2018-04-12 11:00:01', 1, 1);
INSERT INTO `mcity` VALUES (72, 16, 'KNR', 'BLITAR', 'SURABAYA', '2018-04-12 11:00:01', '2019-07-10 10:18:20', 1, 12);
INSERT INTO `mcity` VALUES (73, 14, 'BLA', 'BLORA', 'SEMARANG', '2018-04-12 11:00:01', '2018-04-12 11:00:01', 1, 1);
INSERT INTO `mcity` VALUES (74, 30, 'TMA', 'BOALEMO', 'GORONTALO', '2018-04-12 11:00:01', '2018-04-12 11:00:01', 1, 1);
INSERT INTO `mcity` VALUES (75, 13, 'BOG', 'BOGOR', 'BOGOR', '2018-04-12 11:00:01', '2019-06-25 16:11:54', 1, 12);
INSERT INTO `mcity` VALUES (76, 16, 'BOJ', 'BOJONEGORO', 'SURABAYA', '2018-04-12 11:00:01', '2018-04-12 11:00:01', 1, 1);
INSERT INTO `mcity` VALUES (77, 29, 'BJG', 'BOLAANG MONGONDOW (BOLMONG)', 'MANADO', '2018-04-12 11:00:01', '2018-04-12 11:00:01', 1, 1);
INSERT INTO `mcity` VALUES (78, 29, 'BLU', 'BOLAANG MONGONDOW SELATAN', 'MANADO', '2018-04-12 11:00:01', '2018-04-12 11:00:01', 1, 1);
INSERT INTO `mcity` VALUES (79, 29, 'TTY', 'BOLAANG MONGONDOW TIMUR', 'MANADO', '2018-04-12 11:00:01', '2018-04-12 11:00:01', 1, 1);
INSERT INTO `mcity` VALUES (80, 29, 'BRK', 'BOLAANG MONGONDOW UTARA', 'MANADO', '2018-04-12 11:00:01', '2018-04-12 11:00:01', 1, 1);
INSERT INTO `mcity` VALUES (81, 26, 'RMB', 'BOMBANA', 'KENDARI', '2018-04-12 11:00:01', '2018-04-12 11:00:01', 1, 1);
INSERT INTO `mcity` VALUES (82, 16, 'BDW', 'BONDOWOSO', 'SURABAYA', '2018-04-12 11:00:01', '2018-04-12 11:00:01', 1, 1);
INSERT INTO `mcity` VALUES (83, 25, 'WTP', 'BONE', 'MAKASSAR', '2018-04-12 11:00:01', '2018-04-12 11:00:01', 1, 1);
INSERT INTO `mcity` VALUES (84, 30, 'SWW', 'BONE BOLANGO', 'GORONTALO', '2018-04-12 11:00:01', '2018-04-12 11:00:01', 1, 1);
INSERT INTO `mcity` VALUES (85, 20, 'BON', 'BONTANG', 'BONTANG', '2018-04-12 11:00:01', '2018-04-12 11:00:01', 1, 1);
INSERT INTO `mcity` VALUES (86, 33, 'TMR', 'BOVEN DIGOEL', 'JAYAPURA', '2018-04-12 11:00:01', '2018-04-12 11:00:01', 1, 1);
INSERT INTO `mcity` VALUES (87, 14, 'BYL', 'BOYOLALI', 'SOLO', '2018-04-12 11:00:01', '2018-04-12 11:00:01', 1, 1);
INSERT INTO `mcity` VALUES (88, 14, 'BBS', 'BREBES', 'TEGAL', '2018-04-12 11:00:01', '2020-01-17 09:21:23', 1, 12);
INSERT INTO `mcity` VALUES (89, 5, 'BKT', 'BUKITTINGGI', 'PADANG', '2018-04-12 11:00:01', '2018-04-12 11:00:01', 1, 1);
INSERT INTO `mcity` VALUES (90, 17, 'SGR', 'BULELENG', 'DENPASAR', '2018-04-12 11:00:01', '2018-04-12 11:00:01', 1, 1);
INSERT INTO `mcity` VALUES (91, 25, 'BLK', 'BULUKUMBA', 'MAKASSAR', '2018-04-12 11:00:01', '2018-04-12 11:00:01', 1, 1);
INSERT INTO `mcity` VALUES (92, 21, 'TJS', 'BULUNGAN (BULONGAN)', 'TARAKAN', '2018-04-12 11:00:01', '2018-04-27 09:18:32', 1, 9);
INSERT INTO `mcity` VALUES (93, 7, 'MRB', 'BUNGO', 'JAMBI', '2018-04-12 11:00:01', '2018-04-12 11:00:01', 1, 1);
INSERT INTO `mcity` VALUES (94, 28, 'OUL', 'BUOL', 'PALU', '2018-04-12 11:00:01', '2018-04-12 11:00:01', 1, 1);
INSERT INTO `mcity` VALUES (95, 32, 'NAM', 'BURU', 'AMBON', '2018-04-12 11:00:01', '2018-04-12 11:00:01', 1, 1);
INSERT INTO `mcity` VALUES (96, 32, 'NMR', 'BURU SELATAN', 'AMBON', '2018-04-12 11:00:01', '2018-04-12 11:00:01', 1, 1);
INSERT INTO `mcity` VALUES (97, 26, 'PSW', 'BUTON', 'KENDARI', '2018-04-12 11:00:01', '2018-04-12 11:00:01', 1, 1);
INSERT INTO `mcity` VALUES (98, 26, 'BNG', 'BUTON UTARA', 'KENDARI', '2018-04-12 11:00:01', '2018-04-12 11:00:01', 1, 1);
INSERT INTO `mcity` VALUES (99, 13, 'CMS', 'CIAMIS', 'BANDUNG', '2018-04-12 11:00:01', '2018-04-12 11:00:01', 1, 1);
INSERT INTO `mcity` VALUES (100, 13, 'CJR', 'CIANJUR', 'CIANJUR', '2018-04-12 11:00:01', '2022-03-23 15:55:42', 1, 8867);
INSERT INTO `mcity` VALUES (101, 14, 'CXP', 'CILACAP', 'PURWOKERTO', '2018-04-12 11:00:01', '2020-05-11 10:05:22', 1, 8867);
INSERT INTO `mcity` VALUES (102, 12, 'CIN', 'CILEGON', 'JAKARTA', '2018-04-12 11:00:01', '2018-04-12 11:00:01', 1, 1);
INSERT INTO `mcity` VALUES (103, 13, 'CMS', 'CIMAHI', 'BANDUNG', '2018-04-12 11:00:01', '2018-04-12 11:00:01', 1, 1);
INSERT INTO `mcity` VALUES (104, 13, 'CBN', 'CIREBON', 'CIREBON', '2018-04-12 11:00:01', '2018-04-12 11:00:01', 1, 1);
INSERT INTO `mcity` VALUES (105, 2, 'SDK', 'DAIRI', 'MEDAN', '2018-04-12 11:00:01', '2018-04-12 11:00:01', 1, 1);
INSERT INTO `mcity` VALUES (106, 33, 'TIG', 'DEIYAI (DELIYAI)', 'JAYAPURA', '2018-04-12 11:00:01', '2018-04-12 11:00:01', 1, 1);
INSERT INTO `mcity` VALUES (107, 2, 'LBP', 'DELI SERDANG', 'MEDAN', '2018-04-12 11:00:01', '2018-04-12 11:00:01', 1, 1);
INSERT INTO `mcity` VALUES (108, 14, 'DMK', 'DEMAK', 'SEMARANG', '2018-04-12 11:00:01', '2018-04-12 11:00:01', 1, 1);
INSERT INTO `mcity` VALUES (109, 17, 'DPS', 'DENPASAR', 'DENPASAR', '2018-04-12 11:00:01', '2018-04-12 11:00:01', 1, 1);
INSERT INTO `mcity` VALUES (110, 13, 'DPK', 'DEPOK', 'JAKARTA', '2018-04-12 11:00:01', '2018-04-12 11:00:01', 1, 1);
INSERT INTO `mcity` VALUES (111, 5, 'PLJ', 'DHARMASRAYA', 'PADANG', '2018-04-12 11:00:01', '2018-04-12 11:00:01', 1, 1);
INSERT INTO `mcity` VALUES (112, 33, 'KGM', 'DOGIYAI', 'JAYAPURA', '2018-04-12 11:00:01', '2018-04-12 11:00:01', 1, 1);
INSERT INTO `mcity` VALUES (113, 18, 'DPU', 'DOMPU', 'MATARAM', '2018-04-12 11:00:01', '2018-04-12 11:00:01', 1, 1);
INSERT INTO `mcity` VALUES (114, 28, 'DGL', 'DONGGALA', 'PALU', '2018-04-12 11:00:01', '2018-04-12 11:00:01', 1, 1);
INSERT INTO `mcity` VALUES (115, 3, 'DUM', 'DUMAI', 'DUMAI', '2018-04-12 11:00:01', '2020-03-03 16:13:49', 1, 8867);
INSERT INTO `mcity` VALUES (116, 9, 'TBG', 'EMPAT LAWANG', 'PALEMBANG', '2018-04-12 11:00:01', '2018-04-12 11:00:01', 1, 1);
INSERT INTO `mcity` VALUES (117, 19, 'ENE', 'ENDE', 'KUPANG', '2018-04-12 11:00:01', '2018-04-12 11:00:01', 1, 1);
INSERT INTO `mcity` VALUES (118, 25, 'ENR', 'ENREKANG', 'MAKASSAR', '2018-04-12 11:00:01', '2018-04-12 11:00:01', 1, 1);
INSERT INTO `mcity` VALUES (119, 34, 'FKQ', 'FAKFAK', 'SORONG', '2018-04-12 11:00:01', '2018-04-12 11:00:01', 1, 1);
INSERT INTO `mcity` VALUES (120, 19, 'LKA', 'FLORES TIMUR', 'KUPANG', '2018-04-12 11:00:01', '2018-04-12 11:00:01', 1, 1);
INSERT INTO `mcity` VALUES (121, 13, 'GRT', 'GARUT', 'BANDUNG', '2018-04-12 11:00:01', '2018-04-12 11:00:01', 1, 1);
INSERT INTO `mcity` VALUES (122, 1, 'BKJ', 'GAYO LUES', 'BANDA ACEH', '2018-04-12 11:00:01', '2018-04-12 11:00:01', 1, 1);
INSERT INTO `mcity` VALUES (123, 17, 'IGR', 'GIANYAR', 'DENPASAR', '2018-04-12 11:00:01', '2018-04-12 11:00:01', 1, 1);
INSERT INTO `mcity` VALUES (124, 30, 'GTO', 'GORONTALO', 'GORONTALO', '2018-04-12 11:00:01', '2018-04-12 11:00:01', 1, 1);
INSERT INTO `mcity` VALUES (125, 30, 'KWO', 'GORONTALO UTARA', 'GORONTALO', '2018-04-12 11:00:01', '2018-04-12 11:00:01', 1, 1);
INSERT INTO `mcity` VALUES (126, 25, 'SGM', 'GOWA', 'MAKASSAR', '2018-04-12 11:00:01', '2018-04-12 11:00:01', 1, 1);
INSERT INTO `mcity` VALUES (127, 16, 'GSK', 'GRESIK', 'SURABAYA', '2018-04-12 11:00:01', '2018-04-12 11:00:01', 1, 1);
INSERT INTO `mcity` VALUES (128, 14, 'PWD', 'GROBOGAN', 'SEMARANG', '2018-04-12 11:00:01', '2018-04-12 11:00:01', 1, 1);
INSERT INTO `mcity` VALUES (129, 15, 'WON', 'GUNUNG KIDUL', 'YOGYAKARTA', '2018-04-12 11:00:01', '2018-04-12 11:00:01', 1, 1);
INSERT INTO `mcity` VALUES (130, 22, 'KKN', 'GUNUNG MAS', 'PALANGKARAYA', '2018-04-12 11:00:01', '2018-04-12 11:00:01', 1, 1);
INSERT INTO `mcity` VALUES (131, 2, 'GST', 'GUNUNGSITOLI', 'MEDAN', '2018-04-12 11:00:01', '2018-04-12 11:00:01', 1, 1);
INSERT INTO `mcity` VALUES (132, 31, 'JLL', 'HALMAHERA BARAT', 'TERNATE', '2018-04-12 11:00:01', '2018-04-12 11:00:01', 1, 1);
INSERT INTO `mcity` VALUES (133, 31, 'LAH', 'HALMAHERA SELATAN', 'TERNATE', '2018-04-12 11:00:01', '2018-04-12 11:00:01', 1, 1);
INSERT INTO `mcity` VALUES (134, 31, 'WED', 'HALMAHERA TENGAH', 'TERNATE', '2018-04-12 11:00:01', '2018-04-12 11:00:01', 1, 1);
INSERT INTO `mcity` VALUES (135, 31, 'MAB', 'HALMAHERA TIMUR', 'TERNATE', '2018-04-12 11:00:01', '2018-04-12 11:00:01', 1, 1);
INSERT INTO `mcity` VALUES (136, 31, 'TBO', 'HALMAHERA UTARA', 'TERNATE', '2018-04-12 11:00:01', '2018-04-12 11:00:01', 1, 1);
INSERT INTO `mcity` VALUES (137, 23, 'KGN', 'HULU SUNGAI SELATAN', 'BANJARMASIN', '2018-04-12 11:00:01', '2018-04-12 11:00:01', 1, 1);
INSERT INTO `mcity` VALUES (138, 23, 'BRB', 'HULU SUNGAI TENGAH', 'BANJARMASIN', '2018-04-12 11:00:01', '2018-04-12 11:00:01', 1, 1);
INSERT INTO `mcity` VALUES (139, 23, 'AMT', 'HULU SUNGAI UTARA', 'BANJARMASIN', '2018-04-12 11:00:01', '2018-04-12 11:00:01', 1, 1);
INSERT INTO `mcity` VALUES (140, 2, 'DLS', 'HUMBANG HASUNDUTAN', 'MEDAN', '2018-04-12 11:00:01', '2018-04-12 11:00:01', 1, 1);
INSERT INTO `mcity` VALUES (141, 3, 'TBH', 'INDRAGIRI HILIR', 'PEKANBARU', '2018-04-12 11:00:01', '2018-04-12 11:00:01', 1, 1);
INSERT INTO `mcity` VALUES (142, 3, 'TBH', 'INDRAGIRI HULU', 'PEKANBARU', '2018-04-12 11:00:01', '2018-04-12 11:00:01', 1, 1);
INSERT INTO `mcity` VALUES (143, 13, 'IDM', 'INDRAMAYU', 'CIREBON', '2018-04-12 11:00:01', '2020-01-17 09:20:54', 1, 12);
INSERT INTO `mcity` VALUES (144, 33, 'SGP', 'INTAN JAYA', 'JAYAPURA', '2018-04-12 11:00:01', '2018-04-12 11:00:01', 1, 1);
INSERT INTO `mcity` VALUES (145, 11, 'JKT', 'JAKARTA', 'JAKARTA', '2018-04-12 11:00:01', '2018-04-12 11:00:01', 1, 1);
INSERT INTO `mcity` VALUES (146, 11, 'JKT', 'JAKARTA BARAT', 'JAKARTA', '2018-04-12 11:00:01', '2018-04-12 11:00:01', 1, 1);
INSERT INTO `mcity` VALUES (147, 11, 'JKT', 'JAKARTA PUSAT', 'JAKARTA', '2018-04-12 11:00:01', '2018-04-12 11:00:01', 1, 1);
INSERT INTO `mcity` VALUES (148, 11, 'JKT', 'JAKARTA SELATAN', 'JAKARTA', '2018-04-12 11:00:01', '2018-04-12 11:00:01', 1, 1);
INSERT INTO `mcity` VALUES (149, 11, 'JKT', 'JAKARTA TIMUR', 'JAKARTA', '2018-04-12 11:00:01', '2018-04-12 11:00:01', 1, 1);
INSERT INTO `mcity` VALUES (150, 11, 'JKT', 'JAKARTA UTARA', 'JAKARTA', '2018-04-12 11:00:01', '2018-04-12 11:00:01', 1, 1);
INSERT INTO `mcity` VALUES (151, 7, 'DJB', 'JAMBI', 'JAMBI', '2018-04-12 11:00:01', '2018-04-12 11:00:01', 1, 1);
INSERT INTO `mcity` VALUES (152, 33, 'DJJ', 'JAYAPURA', 'JAYAPURA', '2018-04-12 11:00:01', '2018-04-12 11:00:01', 1, 1);
INSERT INTO `mcity` VALUES (153, 33, 'WMX', 'JAYAWIJAYA', 'JAYAPURA', '2018-04-12 11:00:01', '2018-04-12 11:00:01', 1, 1);
INSERT INTO `mcity` VALUES (154, 16, 'JEM', 'JEMBER', 'SURABAYA', '2018-04-12 11:00:01', '2018-04-12 11:00:01', 1, 1);
INSERT INTO `mcity` VALUES (155, 17, 'NGA', 'JEMBRANA', 'DENPASAR', '2018-04-12 11:00:01', '2018-04-12 11:00:01', 1, 1);
INSERT INTO `mcity` VALUES (156, 25, 'JNP', 'JENEPONTO', 'MAKASSAR', '2018-04-12 11:00:01', '2018-04-12 11:00:01', 1, 1);
INSERT INTO `mcity` VALUES (157, 14, 'JEP', 'JEPARA', 'SEMARANG', '2018-04-12 11:00:01', '2018-04-12 11:00:01', 1, 1);
INSERT INTO `mcity` VALUES (158, 16, 'JBG', 'JOMBANG', 'SURABAYA', '2018-04-12 11:00:01', '2018-04-12 11:00:01', 1, 1);
INSERT INTO `mcity` VALUES (159, 34, 'KAM', 'KAIMANA', 'SORONG', '2018-04-12 11:00:01', '2022-02-02 13:39:28', 1, 8867);
INSERT INTO `mcity` VALUES (160, 3, 'BKN', 'KAMPAR', 'PEKANBARU', '2018-04-12 11:00:01', '2018-04-12 11:00:01', 1, 1);
INSERT INTO `mcity` VALUES (161, 22, 'KKA', 'KAPUAS', 'PALANGKARAYA', '2018-04-12 11:00:01', '2018-04-12 11:00:01', 1, 1);
INSERT INTO `mcity` VALUES (162, 24, 'PSU', 'KAPUAS HULU', 'PONTIANAK', '2018-04-12 11:00:01', '2018-07-06 14:37:55', 1, 9);
INSERT INTO `mcity` VALUES (163, 14, 'KRG', 'KARANGANYAR', 'SOLO', '2018-04-12 11:00:01', '2018-04-12 11:00:01', 1, 1);
INSERT INTO `mcity` VALUES (164, 17, 'KRA', 'KARANGASEM', 'DENPASAR', '2018-04-12 11:00:01', '2018-04-12 11:00:01', 1, 1);
INSERT INTO `mcity` VALUES (165, 13, 'KWA', 'KARAWANG', 'BEKASI', '2018-04-12 11:00:01', '2018-04-12 11:00:01', 1, 1);
INSERT INTO `mcity` VALUES (166, 4, 'KMN', 'KARIMUN', 'TANJUNG PINANG', '2018-04-12 11:00:01', '2018-04-12 11:00:01', 1, 1);
INSERT INTO `mcity` VALUES (167, 2, 'KBJ', 'KARO', 'MEDAN', '2018-04-12 11:00:01', '2018-04-12 11:00:01', 1, 1);
INSERT INTO `mcity` VALUES (168, 22, 'KSN', 'KATINGAN', 'PALANGKARAYA', '2018-04-12 11:00:01', '2018-04-12 11:00:01', 1, 1);
INSERT INTO `mcity` VALUES (169, 6, 'BHN', 'KAUR', 'BENGKULU', '2018-04-12 11:00:01', '2018-04-12 11:00:01', 1, 1);
INSERT INTO `mcity` VALUES (170, 24, 'SKD', 'KAYONG UTARA', 'PONTIANAK', '2018-04-12 11:00:01', '2018-04-12 11:00:01', 1, 1);
INSERT INTO `mcity` VALUES (171, 14, 'KBM', 'KEBUMEN', 'YOGYAKARTA', '2018-04-12 11:00:01', '2018-04-12 11:00:01', 1, 1);
INSERT INTO `mcity` VALUES (172, 16, 'KDR', 'KEDIRI', 'SURABAYA', '2018-04-12 11:00:01', '2019-07-10 10:17:27', 1, 12);
INSERT INTO `mcity` VALUES (173, 33, 'WAR', 'KEEROM', 'JAYAPURA', '2018-04-12 11:00:01', '2018-04-12 11:00:01', 1, 1);
INSERT INTO `mcity` VALUES (174, 14, 'KDL', 'KENDAL', 'SEMARANG', '2018-04-12 11:00:01', '2018-04-12 11:00:01', 1, 1);
INSERT INTO `mcity` VALUES (175, 26, 'KDI', 'KENDARI', 'KENDARI', '2018-04-12 11:00:01', '2018-04-12 11:00:01', 1, 1);
INSERT INTO `mcity` VALUES (176, 6, 'KPH', 'KEPAHIANG', 'BENGKULU', '2018-04-12 11:00:01', '2018-04-12 11:00:01', 1, 1);
INSERT INTO `mcity` VALUES (177, 4, 'TRP', 'KEPULAUAN ANAMBAS', 'TANJUNG PINANG', '2018-04-12 11:00:01', '2018-04-12 11:00:01', 1, 1);
INSERT INTO `mcity` VALUES (178, 32, 'DOB', 'KEPULAUAN ARU', 'AMBON', '2018-04-12 11:00:01', '2018-04-12 11:00:01', 1, 1);
INSERT INTO `mcity` VALUES (179, 5, 'TPT', 'KEPULAUAN MENTAWAI', 'PADANG', '2018-04-12 11:00:01', '2018-04-12 11:00:01', 1, 1);
INSERT INTO `mcity` VALUES (180, 3, 'TTI', 'KEPULAUAN MERANTI', 'PEKANBARU', '2018-04-12 11:00:01', '2018-04-12 11:00:01', 1, 1);
INSERT INTO `mcity` VALUES (181, 29, 'THA', 'KEPULAUAN SANGIHE', 'MANADO', '2018-04-12 11:00:01', '2018-04-12 11:00:01', 1, 1);
INSERT INTO `mcity` VALUES (182, 13, 'JKT', 'KEPULAUAN SERIBU', 'JAKARTA', '2018-04-12 11:00:01', '2018-04-12 11:00:01', 1, 1);
INSERT INTO `mcity` VALUES (183, 29, 'ODS', 'KEPULAUAN SIAU TAGULANDANG BIARO (SITARO)', 'MANADO', '2018-04-12 11:00:01', '2018-04-12 11:00:01', 1, 1);
INSERT INTO `mcity` VALUES (184, 31, 'SQN', 'KEPULAUAN SULA', 'TERNATE', '2018-04-12 11:00:01', '2018-04-12 11:00:01', 1, 1);
INSERT INTO `mcity` VALUES (185, 29, 'MGN', 'KEPULAUAN TALAUD', 'MANADO', '2018-04-12 11:00:01', '2018-04-12 11:00:01', 1, 1);
INSERT INTO `mcity` VALUES (186, 33, 'ZRI', 'KEPULAUAN YAPEN (YAPEN WAROPEN)', 'BIAK', '2018-04-12 11:00:01', '2018-04-12 11:00:01', 1, 1);
INSERT INTO `mcity` VALUES (187, 7, 'KRC', 'KERINCI', 'JAMBI', '2018-04-12 11:00:01', '2018-04-12 11:00:01', 1, 1);
INSERT INTO `mcity` VALUES (188, 24, 'KTG', 'KETAPANG', 'PONTIANAK', '2018-04-12 11:00:01', '2018-04-12 11:00:01', 1, 1);
INSERT INTO `mcity` VALUES (189, 14, 'KLN', 'KLATEN', 'YOGYAKARTA', '2018-04-12 11:00:01', '2018-04-12 11:00:01', 1, 1);
INSERT INTO `mcity` VALUES (190, 17, 'SRP', 'KLUNGKUNG', 'DENPASAR', '2018-04-12 11:00:01', '2018-04-12 11:00:01', 1, 1);
INSERT INTO `mcity` VALUES (191, 26, 'KOL', 'KOLAKA', 'KENDARI', '2018-04-12 11:00:01', '2018-04-12 11:00:01', 1, 1);
INSERT INTO `mcity` VALUES (192, 26, 'LSS', 'KOLAKA UTARA', 'KENDARI', '2018-04-12 11:00:01', '2018-04-12 11:00:01', 1, 1);
INSERT INTO `mcity` VALUES (193, 26, 'UNH', 'KONAWE', 'KENDARI', '2018-04-12 11:00:01', '2018-04-12 11:00:01', 1, 1);
INSERT INTO `mcity` VALUES (194, 26, 'ADL', 'KONAWE SELATAN', 'KENDARI', '2018-04-12 11:00:01', '2018-04-12 11:00:01', 1, 1);
INSERT INTO `mcity` VALUES (195, 26, 'WGD', 'KONAWE UTARA', 'KENDARI', '2018-04-12 11:00:01', '2018-04-12 11:00:01', 1, 1);
INSERT INTO `mcity` VALUES (196, 23, 'KBR', 'KOTABARU', 'BANJARMASIN', '2018-04-12 11:00:01', '2018-04-12 11:00:01', 1, 1);
INSERT INTO `mcity` VALUES (197, 29, 'KBG', 'KOTAMOBAGU', 'MANADO', '2018-04-12 11:00:01', '2019-11-28 16:42:10', 1, 8867);
INSERT INTO `mcity` VALUES (198, 22, 'PKN', 'KOTAWARINGIN BARAT', 'PALANGKARAYA', '2018-04-12 11:00:01', '2018-04-12 11:00:01', 1, 1);
INSERT INTO `mcity` VALUES (199, 22, 'SMQ', 'SAMPIT', 'PALANGKARAYA', '2018-04-12 11:00:01', '2018-06-21 16:34:50', 1, 9);
INSERT INTO `mcity` VALUES (200, 3, 'TLK', 'KUANTAN SINGINGI', 'PEKANBARU', '2018-04-12 11:00:01', '2018-04-12 11:00:01', 1, 1);
INSERT INTO `mcity` VALUES (201, 24, 'SRY', 'KUBU RAYA', 'PONTIANAK', '2018-04-12 11:00:01', '2018-04-12 11:00:01', 1, 1);
INSERT INTO `mcity` VALUES (202, 14, 'KDS', 'KUDUS', 'SEMARANG', '2018-04-12 11:00:01', '2018-04-12 11:00:01', 1, 1);
INSERT INTO `mcity` VALUES (203, 15, 'WAT', 'KULON PROGO', 'YOGYAKARTA', '2018-04-12 11:00:01', '2018-04-12 11:00:01', 1, 1);
INSERT INTO `mcity` VALUES (204, 13, 'KNG', 'KUNINGAN', 'CIREBON', '2018-04-12 11:00:01', '2018-04-12 11:00:01', 1, 1);
INSERT INTO `mcity` VALUES (205, 19, 'KOE', 'KUPANG', 'KUPANG', '2018-04-12 11:00:01', '2018-04-12 11:00:01', 1, 1);
INSERT INTO `mcity` VALUES (206, 20, 'SDW', 'KUTAI BARAT', 'MELAK', '2018-04-12 11:00:01', '2018-04-12 11:00:01', 1, 1);
INSERT INTO `mcity` VALUES (207, 20, 'TGO', 'KUTAI KARTANEGARA', 'TENGGARONG', '2018-04-12 11:00:01', '2018-04-12 11:00:01', 1, 1);
INSERT INTO `mcity` VALUES (208, 20, 'BEG', 'KUTAI TIMUR', 'BENGALON', '2018-04-12 11:00:01', '2018-04-12 11:00:01', 1, 1);
INSERT INTO `mcity` VALUES (209, 20, 'SGT', 'SANGATTA', 'SANGATTA', '2018-04-12 11:00:01', '2018-04-12 11:00:01', 1, 1);
INSERT INTO `mcity` VALUES (210, 2, 'RAP', 'LABUHAN BATU', 'MEDAN', '2018-04-12 11:00:01', '2018-04-12 11:00:01', 1, 1);
INSERT INTO `mcity` VALUES (211, 2, 'KPI', 'LABUHAN BATU SELATAN', 'MEDAN', '2018-04-12 11:00:01', '2018-04-12 11:00:01', 1, 1);
INSERT INTO `mcity` VALUES (212, 2, 'AKK', 'LABUHAN BATU UTARA', 'MEDAN', '2018-04-12 11:00:01', '2018-04-12 11:00:01', 1, 1);
INSERT INTO `mcity` VALUES (213, 9, 'LHT', 'LAHAT', 'PALEMBANG', '2018-04-12 11:00:01', '2018-04-12 11:00:01', 1, 1);
INSERT INTO `mcity` VALUES (214, 22, 'NGB', 'LAMANDAU', 'PALANGKARAYA', '2018-04-12 11:00:01', '2018-04-12 11:00:01', 1, 1);
INSERT INTO `mcity` VALUES (215, 16, 'LMG', 'LAMONGAN', 'SURABAYA', '2018-04-12 11:00:01', '2018-04-12 11:00:01', 1, 1);
INSERT INTO `mcity` VALUES (216, 10, 'LIW', 'LAMPUNG BARAT', 'BANDAR LAMPUNG', '2018-04-12 11:00:01', '2018-04-12 11:00:01', 1, 1);
INSERT INTO `mcity` VALUES (217, 10, 'KLA', 'LAMPUNG SELATAN', 'BANDAR LAMPUNG', '2018-04-12 11:00:01', '2018-04-12 11:00:01', 1, 1);
INSERT INTO `mcity` VALUES (218, 10, 'GNS', 'LAMPUNG TENGAH', 'BANDAR LAMPUNG', '2018-04-12 11:00:01', '2018-04-12 11:00:01', 1, 1);
INSERT INTO `mcity` VALUES (219, 10, 'SDN', 'LAMPUNG TIMUR', 'BANDAR LAMPUNG', '2018-04-12 11:00:01', '2018-04-12 11:00:01', 1, 1);
INSERT INTO `mcity` VALUES (220, 10, 'KTB', 'LAMPUNG UTARA', 'BANDAR LAMPUNG', '2018-04-12 11:00:01', '2018-04-12 11:00:01', 1, 1);
INSERT INTO `mcity` VALUES (221, 24, 'NBA', 'LANDAK', 'PONTIANAK', '2018-04-12 11:00:01', '2018-04-12 11:00:01', 1, 1);
INSERT INTO `mcity` VALUES (222, 2, 'STB', 'LANGKAT', 'MEDAN', '2018-04-12 11:00:01', '2018-04-12 11:00:01', 1, 1);
INSERT INTO `mcity` VALUES (223, 1, 'LGS', 'LANGSA', 'BANDA ACEH', '2018-04-12 11:00:01', '2018-04-12 11:00:01', 1, 1);
INSERT INTO `mcity` VALUES (224, 33, 'TMY', 'LANNY JAYA, (WAMENA)', 'JAYAPURA', '2018-04-12 11:00:01', '2018-04-12 11:00:01', 1, 1);
INSERT INTO `mcity` VALUES (225, 12, 'RKB', 'LEBAK', 'JAKARTA', '2018-04-12 11:00:01', '2018-04-12 11:00:01', 1, 1);
INSERT INTO `mcity` VALUES (226, 6, 'TUB', 'LEBONG', 'BENGKULU', '2018-04-12 11:00:01', '2018-04-12 11:00:01', 1, 1);
INSERT INTO `mcity` VALUES (227, 19, 'LWE', 'LEMBATA', 'KUPANG', '2018-04-12 11:00:01', '2018-04-12 11:00:01', 1, 1);
INSERT INTO `mcity` VALUES (228, 1, 'LSM', 'LHOKSEUMAWE', 'BANDA ACEH', '2018-04-12 11:00:01', '2018-04-12 11:00:01', 1, 1);
INSERT INTO `mcity` VALUES (229, 5, 'SRK', 'LIMA PULUH KOTO/KOTA', 'PADANG', '2018-04-12 11:00:01', '2018-04-12 11:00:01', 1, 1);
INSERT INTO `mcity` VALUES (230, 4, 'DKL', 'LINGGA', 'TANJUNG PINANG', '2018-04-12 11:00:01', '2018-04-12 11:00:01', 1, 1);
INSERT INTO `mcity` VALUES (231, 18, 'GRG', 'LOMBOK BARAT', 'MATARAM', '2018-04-12 11:00:01', '2018-04-12 11:00:01', 1, 1);
INSERT INTO `mcity` VALUES (232, 18, 'PYA', 'LOMBOK TENGAH', 'MATARAM', '2018-04-12 11:00:01', '2018-04-12 11:00:01', 1, 1);
INSERT INTO `mcity` VALUES (233, 18, 'SEL', 'LOMBOK TIMUR', 'MATARAM', '2018-04-12 11:00:01', '2018-04-12 11:00:01', 1, 1);
INSERT INTO `mcity` VALUES (234, 18, 'TJN', 'LOMBOK UTARA', 'MATARAM', '2018-04-12 11:00:01', '2018-04-12 11:00:01', 1, 1);
INSERT INTO `mcity` VALUES (235, 9, 'LLG', 'LUBUK LINGGAU', 'PALEMBANG', '2018-04-12 11:00:01', '2018-04-12 11:00:01', 1, 1);
INSERT INTO `mcity` VALUES (236, 16, 'LMJ', 'LUMAJANG', 'SURABAYA', '2018-04-12 11:00:01', '2018-04-12 11:00:01', 1, 1);
INSERT INTO `mcity` VALUES (237, 25, 'PLP', 'LUWU', 'MAKASSAR', '2018-04-12 11:00:01', '2018-04-12 11:00:01', 1, 1);
INSERT INTO `mcity` VALUES (238, 25, 'MLI', 'LUWU TIMUR', 'MAKASSAR', '2018-04-12 11:00:01', '2018-04-12 11:00:01', 1, 1);
INSERT INTO `mcity` VALUES (239, 25, 'MXB', 'LUWU UTARA', 'MAKASSAR', '2018-04-12 11:00:01', '2018-04-12 11:00:01', 1, 1);
INSERT INTO `mcity` VALUES (240, 16, 'MAD', 'MADIUN', 'SURABAYA', '2018-04-12 11:00:01', '2018-04-12 11:00:01', 1, 1);
INSERT INTO `mcity` VALUES (241, 14, 'MKD', 'MAGELANG', 'YOGYAKARTA', '2018-04-12 11:00:01', '2018-04-12 11:00:01', 1, 1);
INSERT INTO `mcity` VALUES (242, 16, 'MGT', 'MAGETAN', 'SURABAYA', '2018-04-12 11:00:01', '2020-05-12 13:32:16', 1, 8867);
INSERT INTO `mcity` VALUES (243, 13, 'MJL', 'MAJALENGKA', 'CIREBON', '2018-04-12 11:00:01', '2022-10-03 10:13:48', 1, 8867);
INSERT INTO `mcity` VALUES (244, 27, 'MAJ', 'MAJENE', 'MAKASSAR', '2018-04-12 11:00:01', '2018-04-12 11:00:01', 1, 1);
INSERT INTO `mcity` VALUES (245, 25, 'UPG', 'MAKASSAR', 'MAKASSAR', '2018-04-12 11:00:01', '2018-04-12 11:00:01', 1, 1);
INSERT INTO `mcity` VALUES (246, 16, 'MLG', 'MALANG', 'MALANG', '2018-04-12 11:00:01', '2018-04-12 11:00:01', 1, 1);
INSERT INTO `mcity` VALUES (247, 21, 'MLN', 'MALINAU', 'TARAKAN', '2018-04-12 11:00:01', '2018-04-27 10:26:42', 1, 9);
INSERT INTO `mcity` VALUES (248, 32, 'TKR', 'MALUKU BARAT DAYA', 'AMBON', '2018-04-12 11:00:01', '2018-04-12 11:00:01', 1, 1);
INSERT INTO `mcity` VALUES (249, 32, 'MSH', 'MALUKU TENGAH', 'AMBON', '2018-04-12 11:00:01', '2018-04-12 11:00:01', 1, 1);
INSERT INTO `mcity` VALUES (250, 32, 'TUA', 'MALUKU TENGGARA', 'AMBON', '2018-04-12 11:00:01', '2018-04-12 11:00:01', 1, 1);
INSERT INTO `mcity` VALUES (251, 32, 'SXK', 'MALUKU TENGGARA BARAT', 'AMBON', '2018-04-12 11:00:01', '2018-04-12 11:00:01', 1, 1);
INSERT INTO `mcity` VALUES (252, 27, 'MMS', 'MAMASA', 'MAKASSAR', '2018-04-12 11:00:01', '2018-04-12 11:00:01', 1, 1);
INSERT INTO `mcity` VALUES (253, 33, 'BRM', 'MAMBERAMO RAYA (BURMESO)', 'JAYAPURA', '2018-04-12 11:00:01', '2018-04-12 11:00:01', 1, 1);
INSERT INTO `mcity` VALUES (254, 33, 'KBK', 'MAMBERAMO TENGAH', 'JAYAPURA', '2018-04-12 11:00:01', '2018-04-12 11:00:01', 1, 1);
INSERT INTO `mcity` VALUES (255, 27, 'MJU', 'MAMUJU', 'MAKASSAR', '2018-04-12 11:00:01', '2018-04-12 11:00:01', 1, 1);
INSERT INTO `mcity` VALUES (256, 27, 'PYU', 'MAMUJU UTARA', 'MAKASSAR', '2018-04-12 11:00:01', '2018-04-12 11:00:01', 1, 1);
INSERT INTO `mcity` VALUES (257, 29, 'MDC', 'MANADO', 'MANADO', '2018-04-12 11:00:01', '2018-04-12 11:00:01', 1, 1);
INSERT INTO `mcity` VALUES (258, 2, 'PYB', 'MANDAILING NATAL', 'MEDAN', '2018-04-12 11:00:01', '2018-04-12 11:00:01', 1, 1);
INSERT INTO `mcity` VALUES (259, 19, 'RTG', 'MANGGARAI', 'KUPANG', '2018-04-12 11:00:01', '2018-04-12 11:00:01', 1, 1);
INSERT INTO `mcity` VALUES (260, 19, 'LBJ', 'MANGGARAI BARAT', 'KUPANG', '2018-04-12 11:00:01', '2018-04-12 11:00:01', 1, 1);
INSERT INTO `mcity` VALUES (261, 19, 'BRG', 'MANGGARAI TIMUR', 'KUPANG', '2018-04-12 11:00:01', '2018-04-12 11:00:01', 1, 1);
INSERT INTO `mcity` VALUES (262, 34, 'MKW', 'MANOKWARI', 'SORONG', '2018-04-12 11:00:01', '2018-04-12 11:00:01', 1, 1);
INSERT INTO `mcity` VALUES (263, 33, 'KEI', 'MAPPI', 'JAYAPURA', '2018-04-12 11:00:01', '2018-04-12 11:00:01', 1, 1);
INSERT INTO `mcity` VALUES (264, 25, 'MRS', 'MAROS', 'MAKASSAR', '2018-04-12 11:00:01', '2018-04-12 11:00:01', 1, 1);
INSERT INTO `mcity` VALUES (265, 18, 'AMI', 'MATARAM', 'MATARAM', '2018-04-12 11:00:01', '2018-04-12 11:00:01', 1, 1);
INSERT INTO `mcity` VALUES (266, 34, 'AFT', 'MAYBRAT', 'SORONG', '2018-04-12 11:00:01', '2018-04-12 11:00:01', 1, 1);
INSERT INTO `mcity` VALUES (267, 2, 'MES', 'MEDAN', 'MEDAN', '2018-04-12 11:00:01', '2018-04-12 11:00:01', 1, 1);
INSERT INTO `mcity` VALUES (268, 24, 'NGP', 'MELAWI', 'PONTIANAK', '2018-04-12 11:00:01', '2018-04-12 11:00:01', 1, 1);
INSERT INTO `mcity` VALUES (269, 24, 'MPW', 'MEMPAWAH', 'PONTIANAK', '2018-04-12 11:00:01', '2018-04-12 11:00:01', 1, 1);
INSERT INTO `mcity` VALUES (270, 7, 'BKO', 'MERANGIN', 'JAMBI', '2018-04-12 11:00:01', '2018-04-12 11:00:01', 1, 1);
INSERT INTO `mcity` VALUES (271, 33, 'MKQ', 'MERAUKE', 'JAYAPURA', '2018-04-12 11:00:01', '2018-04-12 11:00:01', 1, 1);
INSERT INTO `mcity` VALUES (272, 10, 'MSJ', 'MESUJI', 'BANDAR LAMPUNG', '2018-04-12 11:00:01', '2018-04-12 11:00:01', 1, 1);
INSERT INTO `mcity` VALUES (273, 10, 'MET', 'METRO', 'BANDAR LAMPUNG', '2018-04-12 11:00:01', '2018-04-12 11:00:01', 1, 1);
INSERT INTO `mcity` VALUES (274, 33, 'TIM', 'MIMIKA', 'TIMIKA', '2018-04-12 11:00:01', '2018-04-12 11:00:01', 1, 1);
INSERT INTO `mcity` VALUES (275, 29, 'TNN', 'MINAHASA', 'MANADO', '2018-04-12 11:00:01', '2018-04-12 11:00:01', 1, 1);
INSERT INTO `mcity` VALUES (276, 29, 'ARG', 'MINAHASA SELATAN', 'MANADO', '2018-04-12 11:00:01', '2018-04-12 11:00:01', 1, 1);
INSERT INTO `mcity` VALUES (277, 29, 'RTN', 'MINAHASA TENGGARA', 'MANADO', '2018-04-12 11:00:01', '2018-04-12 11:00:01', 1, 1);
INSERT INTO `mcity` VALUES (278, 29, 'ARM', 'MINAHASA UTARA', 'MANADO', '2018-04-12 11:00:01', '2018-04-12 11:00:01', 1, 1);
INSERT INTO `mcity` VALUES (279, 16, 'MJK', 'MOJOKERTO', 'SURABAYA', '2018-04-12 11:00:01', '2018-04-12 11:00:01', 1, 1);
INSERT INTO `mcity` VALUES (280, 28, 'MOW', 'MOROWALI', 'PALU', '2018-04-12 11:00:01', '2018-04-12 11:00:01', 1, 1);
INSERT INTO `mcity` VALUES (281, 9, 'MRE', 'MUARA ENIM', 'PALEMBANG', '2018-04-12 11:00:01', '2018-04-12 11:00:01', 1, 1);
INSERT INTO `mcity` VALUES (282, 7, 'SNT', 'MUARO JAMBI', 'JAMBI', '2018-04-12 11:00:01', '2018-04-12 11:00:01', 1, 1);
INSERT INTO `mcity` VALUES (283, 6, 'MUK', 'MUKO MUKO', 'BENGKULU', '2018-04-12 11:00:01', '2021-02-18 10:55:09', 1, 8567);
INSERT INTO `mcity` VALUES (284, 26, 'RAQ', 'MUNA', 'KENDARI', '2018-04-12 11:00:01', '2018-04-12 11:00:01', 1, 1);
INSERT INTO `mcity` VALUES (285, 22, 'PRC', 'MURUNG RAYA', 'PALANGKARAYA', '2018-04-12 11:00:01', '2018-04-12 11:00:01', 1, 1);
INSERT INTO `mcity` VALUES (286, 9, 'SKY', 'MUSI BANYUASIN', 'PALEMBANG', '2018-04-12 11:00:01', '2018-04-12 11:00:01', 1, 1);
INSERT INTO `mcity` VALUES (287, 9, 'MBL', 'MUSI RAWAS', 'PALEMBANG', '2018-04-12 11:00:01', '2018-04-12 11:00:01', 1, 1);
INSERT INTO `mcity` VALUES (288, 33, 'NBX', 'NABIRE', 'JAYAPURA', '2018-04-12 11:00:01', '2018-04-12 11:00:01', 1, 1);
INSERT INTO `mcity` VALUES (289, 1, 'SKM', 'NAGAN RAYA', 'BANDA ACEH', '2018-04-12 11:00:01', '2018-04-12 11:00:01', 1, 1);
INSERT INTO `mcity` VALUES (290, 19, 'MBY', 'NAGEKEO', 'KUPANG', '2018-04-12 11:00:01', '2018-04-12 11:00:01', 1, 1);
INSERT INTO `mcity` VALUES (291, 4, 'RNI', 'NATUNA', 'TANJUNG PINANG', '2018-04-12 11:00:01', '2018-04-12 11:00:01', 1, 1);
INSERT INTO `mcity` VALUES (292, 33, 'KYM', 'NDUGA', 'JAYAPURA', '2018-04-12 11:00:01', '2018-04-12 11:00:01', 1, 1);
INSERT INTO `mcity` VALUES (293, 19, 'BJW', 'NGADA', 'KUPANG', '2018-04-12 11:00:01', '2018-04-12 11:00:01', 1, 1);
INSERT INTO `mcity` VALUES (294, 16, 'NJK', 'NGANJUK', 'SURABAYA', '2018-04-12 11:00:01', '2018-04-12 11:00:01', 1, 1);
INSERT INTO `mcity` VALUES (295, 16, 'NGW', 'NGAWI', 'SURABAYA', '2018-04-12 11:00:01', '2020-05-12 13:32:35', 1, 8867);
INSERT INTO `mcity` VALUES (296, 2, 'GST', 'NIAS', 'MEDAN', '2018-04-12 11:00:01', '2018-04-12 11:00:01', 1, 1);
INSERT INTO `mcity` VALUES (297, 2, 'LHM', 'NIAS BARAT', 'MEDAN', '2018-04-12 11:00:01', '2018-04-12 11:00:01', 1, 1);
INSERT INTO `mcity` VALUES (298, 2, 'TLD', 'NIAS SELATAN', 'MEDAN', '2018-04-12 11:00:01', '2018-04-12 11:00:01', 1, 1);
INSERT INTO `mcity` VALUES (299, 2, 'LTU', 'NIAS UTARA', 'MEDAN', '2018-04-12 11:00:01', '2018-04-12 11:00:01', 1, 1);
INSERT INTO `mcity` VALUES (300, 21, 'NNX', 'NUNUKAN', 'TARAKAN', '2018-04-12 11:00:01', '2018-04-12 11:00:01', 1, 1);
INSERT INTO `mcity` VALUES (301, 9, 'IDL', 'OGAN ILIR', 'PALEMBANG', '2018-04-12 11:00:01', '2018-04-12 11:00:01', 1, 1);
INSERT INTO `mcity` VALUES (302, 9, 'KYA', 'OGAN KOMERING ILIR', 'PALEMBANG', '2018-04-12 11:00:01', '2018-04-12 11:00:01', 1, 1);
INSERT INTO `mcity` VALUES (303, 9, 'BTA', 'OGAN KOMERING ULU', 'PALEMBANG', '2018-04-12 11:00:01', '2018-04-12 11:00:01', 1, 1);
INSERT INTO `mcity` VALUES (304, 9, 'MRD', 'OGAN KOMERING ULU SELATAN', 'PALEMBANG', '2018-04-12 11:00:01', '2018-04-12 11:00:01', 1, 1);
INSERT INTO `mcity` VALUES (305, 9, 'MPR', 'OGAN KOMERING ULU TIMUR', 'PALEMBANG', '2018-04-12 11:00:01', '2018-04-12 11:00:01', 1, 1);
INSERT INTO `mcity` VALUES (306, 16, 'PCT', 'PACITAN', 'SURABAYA', '2018-04-12 11:00:01', '2020-05-12 13:33:01', 1, 8867);
INSERT INTO `mcity` VALUES (307, 5, 'PDG', 'PADANG', 'PADANG', '2018-04-12 11:00:01', '2018-04-27 10:23:08', 1, 9);
INSERT INTO `mcity` VALUES (308, 2, 'SBH', 'PADANG LAWAS', 'MEDAN', '2018-04-12 11:00:01', '2018-04-12 11:00:01', 1, 1);
INSERT INTO `mcity` VALUES (309, 2, 'GNT', 'PADANG LAWAS UTARA', 'MEDAN', '2018-04-12 11:00:01', '2018-04-12 11:00:01', 1, 1);
INSERT INTO `mcity` VALUES (310, 5, 'PDP', 'PADANG PANJANG', 'PADANG', '2018-04-12 11:00:01', '2018-04-12 11:00:01', 1, 1);
INSERT INTO `mcity` VALUES (311, 5, 'NPM', 'PADANG PARIAMAN', 'PADANG', '2018-04-12 11:00:01', '2018-04-12 11:00:01', 1, 1);
INSERT INTO `mcity` VALUES (312, 2, 'PSP', 'PADANG SIDEMPUAN', 'MEDAN', '2018-04-12 11:00:01', '2018-04-12 11:00:01', 1, 1);
INSERT INTO `mcity` VALUES (313, 9, 'PGA', 'PAGAR ALAM', 'PALEMBANG', '2018-04-12 11:00:01', '2018-04-12 11:00:01', 1, 1);
INSERT INTO `mcity` VALUES (314, 2, 'SAL', 'PAKPAK BHARAT', 'MEDAN', '2018-04-12 11:00:01', '2018-04-12 11:00:01', 1, 1);
INSERT INTO `mcity` VALUES (315, 22, 'PKY', 'PALANGKARAYA', 'PALANGKARAYA', '2018-04-12 11:00:01', '2018-04-12 11:00:01', 1, 1);
INSERT INTO `mcity` VALUES (316, 9, 'PLM', 'PALEMBANG', 'PALEMBANG', '2018-04-12 11:00:01', '2018-04-12 11:00:01', 1, 1);
INSERT INTO `mcity` VALUES (317, 25, 'PLP', 'PALOPO', 'MAKASSAR', '2018-04-12 11:00:01', '2018-04-12 11:00:01', 1, 1);
INSERT INTO `mcity` VALUES (318, 28, 'PLW', 'PALU', 'PALU', '2018-04-12 11:00:01', '2018-04-12 11:00:01', 1, 1);
INSERT INTO `mcity` VALUES (319, 16, 'PMK', 'PAMEKASAN', 'SURABAYA', '2018-04-12 11:00:01', '2018-04-12 11:00:01', 1, 1);
INSERT INTO `mcity` VALUES (320, 12, 'PGG', 'PANDEGLANG', 'JAKARTA', '2018-04-12 11:00:01', '2018-04-12 11:00:01', 1, 1);
INSERT INTO `mcity` VALUES (321, 25, 'PKJ', 'PANGKAJENE KEPULAUAN', 'MAKASSAR', '2018-04-12 11:00:01', '2018-04-12 11:00:01', 1, 1);
INSERT INTO `mcity` VALUES (322, 8, 'PGK', 'PANGKAL PINANG', 'PANGKAL PINANG', '2018-04-12 11:00:01', '2018-04-12 11:00:01', 1, 1);
INSERT INTO `mcity` VALUES (323, 33, 'ERT', 'PANIAI', 'JAYAPURA', '2018-04-12 11:00:01', '2018-04-12 11:00:01', 1, 1);
INSERT INTO `mcity` VALUES (324, 25, 'PAP', 'PARE-PARE', 'MAKASSAR', '2018-04-12 11:00:01', '2018-04-12 11:00:01', 1, 1);
INSERT INTO `mcity` VALUES (325, 5, 'PMN', 'PARIAMAN', 'PADANG', '2018-04-12 11:00:01', '2018-04-12 11:00:01', 1, 1);
INSERT INTO `mcity` VALUES (326, 28, 'PRI', 'PARIGI MOUTONG', 'PALU', '2018-04-12 11:00:01', '2018-04-12 11:00:01', 1, 1);
INSERT INTO `mcity` VALUES (327, 5, 'LBS', 'PASAMAN', 'PADANG', '2018-04-12 11:00:01', '2018-04-12 11:00:01', 1, 1);
INSERT INTO `mcity` VALUES (328, 5, 'SPE', 'PASAMAN BARAT', 'PADANG', '2018-04-12 11:00:01', '2018-04-12 11:00:01', 1, 1);
INSERT INTO `mcity` VALUES (329, 20, 'TGT', 'PASER', 'PASER', '2018-04-12 11:00:01', '2018-04-12 11:00:01', 1, 1);
INSERT INTO `mcity` VALUES (330, 16, 'PAZ', 'PASURUAN', 'SURABAYA', '2018-04-12 11:00:01', '2018-04-12 11:00:01', 1, 1);
INSERT INTO `mcity` VALUES (331, 14, 'PTI', 'PATI', 'SEMARANG', '2018-04-12 11:00:01', '2018-04-12 11:00:01', 1, 1);
INSERT INTO `mcity` VALUES (332, 5, 'PYH', 'PAYAKUMBUH', 'PADANG', '2018-04-12 11:00:01', '2018-04-12 11:00:01', 1, 1);
INSERT INTO `mcity` VALUES (333, 33, 'OKL', 'PEGUNUNGAN BINTANG', 'JAYAPURA', '2018-04-12 11:00:01', '2018-04-12 11:00:01', 1, 1);
INSERT INTO `mcity` VALUES (334, 14, 'PEX', 'PEKALONGAN', 'PEKALONGAN', '2018-04-12 11:00:01', '2018-06-28 10:01:01', 1, 2718);
INSERT INTO `mcity` VALUES (335, 3, 'PKU', 'PEKANBARU', 'PEKANBARU', '2018-04-12 11:00:01', '2018-04-12 11:00:01', 1, 1);
INSERT INTO `mcity` VALUES (336, 3, 'PKK', 'PELALAWAN', 'PEKANBARU', '2018-04-12 11:00:01', '2018-04-12 11:00:01', 1, 1);
INSERT INTO `mcity` VALUES (337, 14, 'PML', 'PEMALANG', 'PEKALONGAN', '2018-04-12 11:00:01', '2018-04-12 11:00:01', 1, 1);
INSERT INTO `mcity` VALUES (338, 2, 'PMS', 'PEMATANG SIANTAR', 'MEDAN', '2018-04-12 11:00:01', '2018-04-12 11:00:01', 1, 1);
INSERT INTO `mcity` VALUES (339, 20, 'PNJ', 'PENAJAM PASER UTARA', 'PENAJAM', '2018-04-12 11:00:01', '2018-04-12 11:00:01', 1, 1);
INSERT INTO `mcity` VALUES (340, 10, 'PSN', 'PESAWARAN', 'BANDAR LAMPUNG', '2018-04-12 11:00:01', '2020-09-15 10:33:49', 1, 12);
INSERT INTO `mcity` VALUES (341, 5, 'PNN', 'PESISIR SELATAN', 'PADANG', '2018-04-12 11:00:01', '2018-04-12 11:00:01', 1, 1);
INSERT INTO `mcity` VALUES (342, 1, 'SGI', 'PIDIE', 'BANDA ACEH', '2018-04-12 11:00:01', '2018-04-12 11:00:01', 1, 1);
INSERT INTO `mcity` VALUES (343, 1, 'MRN', 'PIDIE JAYA', 'BANDA ACEH', '2018-04-12 11:00:01', '2018-04-12 11:00:01', 1, 1);
INSERT INTO `mcity` VALUES (344, 25, 'PIN', 'PINRANG', 'MAKASSAR', '2018-04-12 11:00:01', '2018-04-12 11:00:01', 1, 1);
INSERT INTO `mcity` VALUES (345, 30, 'MAR', 'POHUWATO', 'GORONTALO', '2018-04-12 11:00:01', '2018-04-12 11:00:01', 1, 1);
INSERT INTO `mcity` VALUES (346, 27, 'PWM', 'POLEWALI MANDAR', 'MAKASSAR', '2018-04-12 11:00:01', '2018-04-12 11:00:01', 1, 1);
INSERT INTO `mcity` VALUES (347, 16, 'PON', 'PONOROGO', 'SURABAYA', '2018-04-12 11:00:01', '2019-03-19 17:56:07', 1, 12);
INSERT INTO `mcity` VALUES (348, 24, 'PNK', 'PONTIANAK', 'PONTIANAK', '2018-04-12 11:00:01', '2018-04-12 11:00:01', 1, 1);
INSERT INTO `mcity` VALUES (349, 28, 'PSJ', 'POSO', 'PALU', '2018-04-12 11:00:01', '2018-04-12 11:00:01', 1, 1);
INSERT INTO `mcity` VALUES (350, 9, 'PBM', 'PRABUMULIH', 'PALEMBANG', '2018-04-12 11:00:01', '2018-04-12 11:00:01', 1, 1);
INSERT INTO `mcity` VALUES (351, 10, 'PRW', 'PRINGSEWU', 'BANDAR LAMPUNG', '2018-04-12 11:00:01', '2018-04-12 11:00:01', 1, 1);
INSERT INTO `mcity` VALUES (352, 16, 'PRO', 'PROBOLINGGO', 'SURABAYA', '2018-04-12 11:00:01', '2018-04-12 11:00:01', 1, 1);
INSERT INTO `mcity` VALUES (353, 22, 'PPS', 'PULANG PISAU', 'PALANGKARAYA', '2018-04-12 11:00:01', '2021-10-05 13:36:16', 1, 8867);
INSERT INTO `mcity` VALUES (354, 31, 'MTS', 'PULAU MOROTAI', 'TERNATE', '2018-04-12 11:00:01', '2018-04-12 11:00:01', 1, 1);
INSERT INTO `mcity` VALUES (355, 33, 'ILG', 'PUNCAK', 'JAYAPURA', '2018-04-12 11:00:01', '2018-04-12 11:00:01', 1, 1);
INSERT INTO `mcity` VALUES (356, 33, 'MUL', 'PUNCAK JAYA', 'JAYAPURA', '2018-04-12 11:00:01', '2018-04-12 11:00:01', 1, 1);
INSERT INTO `mcity` VALUES (357, 14, 'PBG', 'PURBALINGGA', 'PURWOKERTO', '2018-04-12 11:00:01', '2020-05-11 10:06:10', 1, 8867);
INSERT INTO `mcity` VALUES (358, 13, 'PUR', 'PURWAKARTA', 'PURWAKARTA', '2018-04-12 11:00:01', '2018-04-12 11:00:01', 1, 1);
INSERT INTO `mcity` VALUES (359, 14, 'PWR', 'PURWOREJO', 'YOGYAKARTA', '2018-04-12 11:00:01', '2018-04-27 16:56:21', 1, 9);
INSERT INTO `mcity` VALUES (360, 34, 'WAS', 'RAJA AMPAT', 'SORONG', '2018-04-12 11:00:01', '2018-04-12 11:00:01', 1, 1);
INSERT INTO `mcity` VALUES (361, 6, 'CRP', 'REJANG LEBONG', 'BENGKULU', '2018-04-12 11:00:01', '2018-04-12 11:00:01', 1, 1);
INSERT INTO `mcity` VALUES (362, 14, 'REM', 'REMBANG', 'SEMARANG', '2018-04-12 11:00:01', '2018-11-02 17:00:55', 1, 1);
INSERT INTO `mcity` VALUES (363, 3, 'UJT', 'ROKAN HILIR', 'PEKANBARU', '2018-04-12 11:00:01', '2018-04-12 11:00:01', 1, 1);
INSERT INTO `mcity` VALUES (364, 3, 'PRP', 'ROKAN HULU', 'PEKANBARU', '2018-04-12 11:00:01', '2018-04-12 11:00:01', 1, 1);
INSERT INTO `mcity` VALUES (365, 19, 'BAA', 'ROTE NDAO', 'KUPANG', '2018-04-12 11:00:01', '2018-04-12 11:00:01', 1, 1);
INSERT INTO `mcity` VALUES (366, 1, 'SBG', 'SABANG', 'BANDA ACEH', '2018-04-12 11:00:01', '2018-04-12 11:00:01', 1, 1);
INSERT INTO `mcity` VALUES (367, 19, 'SBB', 'SABU RAIJUA', 'KUPANG', '2018-04-12 11:00:01', '2018-04-12 11:00:01', 1, 1);
INSERT INTO `mcity` VALUES (368, 14, 'SLT', 'SALATIGA', 'SEMARANG', '2018-04-12 11:00:01', '2018-04-12 11:00:01', 1, 1);
INSERT INTO `mcity` VALUES (369, 20, 'SRI', 'SAMARINDA', 'SAMARINDA', '2018-04-12 11:00:01', '2018-04-12 11:00:01', 1, 1);
INSERT INTO `mcity` VALUES (370, 24, 'SBS', 'SAMBAS', 'PONTIANAK', '2018-04-12 11:00:01', '2018-04-12 11:00:01', 1, 1);
INSERT INTO `mcity` VALUES (371, 2, 'PRR', 'SAMOSIR', 'MEDAN', '2018-04-12 11:00:01', '2018-04-12 11:00:01', 1, 1);
INSERT INTO `mcity` VALUES (372, 16, 'SPG', 'SAMPANG', 'SURABAYA', '2018-04-12 11:00:01', '2018-04-12 11:00:01', 1, 1);
INSERT INTO `mcity` VALUES (373, 24, 'SGU', 'SANGGAU', 'PONTIANAK', '2018-04-12 11:00:01', '2018-04-12 11:00:01', 1, 1);
INSERT INTO `mcity` VALUES (374, 33, 'ZRM', 'SARMI', 'JAYAPURA', '2018-04-12 11:00:01', '2018-04-12 11:00:01', 1, 1);
INSERT INTO `mcity` VALUES (375, 7, 'SRL', 'SAROLANGUN', 'JAMBI', '2018-04-12 11:00:01', '2018-04-12 11:00:01', 1, 1);
INSERT INTO `mcity` VALUES (376, 5, 'ISO', 'SAWAH LUNTO', 'PADANG', '2018-04-12 11:00:01', '2018-04-12 11:00:01', 1, 1);
INSERT INTO `mcity` VALUES (377, 24, 'SED', 'SEKADAU', 'PONTIANAK', '2018-04-12 11:00:01', '2018-04-12 11:00:01', 1, 1);
INSERT INTO `mcity` VALUES (378, 25, 'BEN', 'SELAYAR (KEPULAUAN SELAYAR)', 'MAKASSAR', '2018-04-12 11:00:01', '2018-04-12 11:00:01', 1, 1);
INSERT INTO `mcity` VALUES (379, 6, 'TAS', 'SELUMA', 'BENGKULU', '2018-04-12 11:00:01', '2018-04-12 11:00:01', 1, 1);
INSERT INTO `mcity` VALUES (380, 14, 'SRG', 'SEMARANG', 'SEMARANG', '2018-04-12 11:00:01', '2018-04-12 11:00:01', 1, 1);
INSERT INTO `mcity` VALUES (381, 32, 'DRH', 'SERAM BAGIAN BARAT', 'AMBON', '2018-04-12 11:00:01', '2018-04-12 11:00:01', 1, 1);
INSERT INTO `mcity` VALUES (382, 32, 'DRH', 'SERAM BAGIAN TIMUR', 'AMBON', '2018-04-12 11:00:01', '2018-04-12 11:00:01', 1, 1);
INSERT INTO `mcity` VALUES (383, 12, 'SER', 'SERANG', 'JAKARTA', '2018-04-12 11:00:01', '2018-04-12 11:00:01', 1, 1);
INSERT INTO `mcity` VALUES (384, 2, 'SRH', 'SERDANG BEDAGAI', 'MEDAN', '2018-04-12 11:00:01', '2018-04-12 11:00:01', 1, 1);
INSERT INTO `mcity` VALUES (385, 22, 'KLP', 'SERUYAN', 'PALANGKARAYA', '2018-04-12 11:00:01', '2018-04-12 11:00:01', 1, 1);
INSERT INTO `mcity` VALUES (386, 3, 'SIK', 'SIAK', 'PEKANBARU', '2018-04-12 11:00:01', '2018-04-12 11:00:01', 1, 1);
INSERT INTO `mcity` VALUES (387, 2, 'SLG', 'SIBOLGA', 'MEDAN', '2018-04-12 11:00:01', '2018-04-12 11:00:01', 1, 1);
INSERT INTO `mcity` VALUES (388, 25, 'SDR', 'SIDENRENG RAPPANG/RAPANG', 'MAKASSAR', '2018-04-12 11:00:01', '2018-04-12 11:00:01', 1, 1);
INSERT INTO `mcity` VALUES (389, 16, 'SDJ', 'SIDOARJO', 'SURABAYA', '2018-04-12 11:00:01', '2018-04-12 11:00:01', 1, 1);
INSERT INTO `mcity` VALUES (390, 28, 'SGB', 'SIGI', 'PALU', '2018-04-12 11:00:01', '2018-04-12 11:00:01', 1, 1);
INSERT INTO `mcity` VALUES (391, 5, 'MRJ', 'SIJUNJUNG (SAWAH LUNTO SIJUNJUNG)', 'PADANG', '2018-04-12 11:00:01', '2018-04-12 11:00:01', 1, 1);
INSERT INTO `mcity` VALUES (392, 19, 'MOF', 'SIKKA', 'KUPANG', '2018-04-12 11:00:01', '2018-04-12 11:00:01', 1, 1);
INSERT INTO `mcity` VALUES (393, 2, 'PMS', 'SIMALUNGUN', 'MEDAN', '2018-04-12 11:00:01', '2018-04-12 11:00:01', 1, 1);
INSERT INTO `mcity` VALUES (394, 1, 'SNG', 'SIMEULUE', 'BANDA ACEH', '2018-04-12 11:00:01', '2018-04-12 11:00:01', 1, 1);
INSERT INTO `mcity` VALUES (395, 24, 'SKW', 'SINGKAWANG', 'PONTIANAK', '2018-04-12 11:00:01', '2018-04-12 11:00:01', 1, 1);
INSERT INTO `mcity` VALUES (396, 25, 'SNJ', 'SINJAI', 'MAKASSAR', '2018-04-12 11:00:01', '2018-04-12 11:00:01', 1, 1);
INSERT INTO `mcity` VALUES (397, 24, 'SQG', 'SINTANG', 'PONTIANAK', '2018-04-12 11:00:01', '2018-04-12 11:00:01', 1, 1);
INSERT INTO `mcity` VALUES (398, 16, 'SIT', 'SITUBONDO', 'SURABAYA', '2018-04-12 11:00:01', '2018-04-12 11:00:01', 1, 1);
INSERT INTO `mcity` VALUES (399, 15, 'SMN', 'SLEMAN', 'YOGYAKARTA', '2018-04-12 11:00:01', '2018-04-12 11:00:01', 1, 1);
INSERT INTO `mcity` VALUES (400, 5, 'SLK', 'SOLOK', 'PADANG', '2018-04-12 11:00:01', '2018-04-12 11:00:01', 1, 1);
INSERT INTO `mcity` VALUES (401, 5, 'PDA', 'SOLOK SELATAN', 'PADANG', '2018-04-12 11:00:01', '2018-04-12 11:00:01', 1, 1);
INSERT INTO `mcity` VALUES (402, 25, 'WNS', 'SOPPENG', 'MAKASSAR', '2018-04-12 11:00:01', '2018-04-12 11:00:01', 1, 1);
INSERT INTO `mcity` VALUES (403, 34, 'SOQ', 'SORONG', 'SORONG', '2018-04-12 11:00:01', '2018-04-12 11:00:01', 1, 1);
INSERT INTO `mcity` VALUES (404, 34, 'TXM', 'SORONG SELATAN', 'SORONG', '2018-04-12 11:00:01', '2018-04-12 11:00:01', 1, 1);
INSERT INTO `mcity` VALUES (405, 14, 'SGN', 'SRAGEN', 'SOLO', '2018-04-12 11:00:01', '2018-04-12 11:00:01', 1, 1);
INSERT INTO `mcity` VALUES (406, 13, 'SBA', 'SUBANG', 'SUBANG', '2018-04-12 11:00:01', '2021-08-16 09:55:35', 1, 8867);
INSERT INTO `mcity` VALUES (407, 1, 'SUS', 'SUBULUSSALAM', 'BANDA ACEH', '2018-04-12 11:00:01', '2018-04-12 11:00:01', 1, 1);
INSERT INTO `mcity` VALUES (408, 13, 'SUK', 'SUKABUMI', 'SUKABUMI', '2018-04-12 11:00:01', '2018-04-12 11:00:01', 1, 1);
INSERT INTO `mcity` VALUES (409, 22, 'SKR', 'SUKAMARA', 'PALANGKARAYA', '2018-04-12 11:00:01', '2018-04-12 11:00:01', 1, 1);
INSERT INTO `mcity` VALUES (410, 14, 'SUO', 'SUKOHARJO', 'SOLO', '2018-04-12 11:00:01', '2018-04-12 11:00:01', 1, 1);
INSERT INTO `mcity` VALUES (411, 19, 'WKB', 'SUMBA BARAT', 'KUPANG', '2018-04-12 11:00:01', '2018-04-12 11:00:01', 1, 1);
INSERT INTO `mcity` VALUES (412, 19, 'TMC', 'SUMBA BARAT DAYA', 'KUPANG', '2018-04-12 11:00:01', '2018-04-12 11:00:01', 1, 1);
INSERT INTO `mcity` VALUES (413, 19, 'WBL', 'SUMBA TENGAH', 'KUPANG', '2018-04-12 11:00:01', '2018-04-12 11:00:01', 1, 1);
INSERT INTO `mcity` VALUES (414, 19, 'WGP', 'SUMBA TIMUR', 'KUPANG', '2018-04-12 11:00:01', '2018-04-12 11:00:01', 1, 1);
INSERT INTO `mcity` VALUES (415, 18, 'SBW', 'SUMBAWA', 'MATARAM', '2018-04-12 11:00:01', '2018-04-12 11:00:01', 1, 1);
INSERT INTO `mcity` VALUES (416, 18, 'TLW', 'SUMBAWA BARAT', 'MATARAM', '2018-04-12 11:00:01', '2018-04-12 11:00:01', 1, 1);
INSERT INTO `mcity` VALUES (417, 13, 'SMD', 'SUMEDANG', 'BANDUNG', '2018-04-12 11:00:01', '2018-04-12 11:00:01', 1, 1);
INSERT INTO `mcity` VALUES (418, 16, 'SUM', 'SUMENEP', 'SURABAYA', '2018-04-12 11:00:01', '2018-04-12 11:00:01', 1, 1);
INSERT INTO `mcity` VALUES (419, 7, 'SPN', 'SUNGAIPENUH', 'JAMBI', '2018-04-12 11:00:01', '2018-04-12 11:00:01', 1, 1);
INSERT INTO `mcity` VALUES (420, 33, 'SRW', 'SUPIORI', 'JAYAPURA', '2018-04-12 11:00:01', '2018-04-12 11:00:01', 1, 1);
INSERT INTO `mcity` VALUES (421, 16, 'SUB', 'SURABAYA', 'SURABAYA', '2018-04-12 11:00:01', '2018-04-12 11:00:01', 1, 1);
INSERT INTO `mcity` VALUES (422, 14, 'SOC', 'SURAKARTA (SOLO)', 'SOLO', '2018-04-12 11:00:01', '2018-04-12 11:00:01', 1, 1);
INSERT INTO `mcity` VALUES (423, 23, 'TJG', 'TABALONG', 'TABALONG', '2018-04-12 11:00:01', '2018-04-12 11:00:01', 1, 1);
INSERT INTO `mcity` VALUES (424, 17, 'TAB', 'TABANAN', 'DENPASAR', '2018-04-12 11:00:01', '2018-04-12 11:00:01', 1, 1);
INSERT INTO `mcity` VALUES (425, 25, 'TKA', 'TAKALAR', 'MAKASSAR', '2018-04-12 11:00:01', '2018-04-12 11:00:01', 1, 1);
INSERT INTO `mcity` VALUES (426, 34, 'FEF', 'TAMBRAUW', 'SORONG', '2018-04-12 11:00:01', '2018-04-12 11:00:01', 1, 1);
INSERT INTO `mcity` VALUES (427, 21, 'TDP', 'TANA TIDUNG', 'TARAKAN', '2018-04-12 11:00:01', '2018-04-12 11:00:01', 1, 1);
INSERT INTO `mcity` VALUES (428, 25, 'TTR', 'TANA TORAJA', 'MAKASSAR', '2018-04-12 11:00:01', '2018-04-12 11:00:01', 1, 1);
INSERT INTO `mcity` VALUES (429, 23, 'BLN', 'TANAH BUMBU', 'BANJARMASIN', '2018-04-12 11:00:01', '2018-04-12 11:00:01', 1, 1);
INSERT INTO `mcity` VALUES (430, 5, 'BSK', 'TANAH DATAR', 'PADANG', '2018-04-12 11:00:01', '2018-04-12 11:00:01', 1, 1);
INSERT INTO `mcity` VALUES (431, 23, 'PLI', 'TANAH LAUT', 'BANJARMASIN', '2018-04-12 11:00:01', '2018-04-12 11:00:01', 1, 1);
INSERT INTO `mcity` VALUES (432, 12, 'TRG', 'TANGERANG', 'TANGERANG', '2018-04-12 11:00:01', '2019-06-25 16:12:42', 1, 12);
INSERT INTO `mcity` VALUES (433, 12, 'CTT', 'TANGERANG SELATAN', 'TANGERANG', '2018-04-12 11:00:01', '2018-04-12 11:00:01', 1, 1);
INSERT INTO `mcity` VALUES (434, 9, 'KAG', 'TANGGAMUS', 'BANDAR LAMPUNG', '2018-04-12 11:00:01', '2018-04-12 11:00:01', 1, 1);
INSERT INTO `mcity` VALUES (435, 2, 'TJB', 'TANJUNG BALAI', 'MEDAN', '2018-04-12 11:00:01', '2018-04-12 11:00:01', 1, 1);
INSERT INTO `mcity` VALUES (436, 7, 'KLT', 'TANJUNG JABUNG BARAT', 'JAMBI', '2018-04-12 11:00:01', '2018-04-12 11:00:01', 1, 1);
INSERT INTO `mcity` VALUES (437, 7, 'MSB', 'TANJUNG JABUNG TIMUR', 'JAMBI', '2018-04-12 11:00:01', '2018-04-12 11:00:01', 1, 1);
INSERT INTO `mcity` VALUES (438, 4, 'TNJ', 'TANJUNG PINANG', 'TANJUNG PINANG', '2018-04-12 11:00:01', '2018-04-12 11:00:01', 1, 1);
INSERT INTO `mcity` VALUES (439, 2, 'PSP', 'TAPANULI SELATAN', 'MEDAN', '2018-04-12 11:00:01', '2018-04-12 11:00:01', 1, 1);
INSERT INTO `mcity` VALUES (440, 2, 'SLG', 'TAPANULI TENGAH', 'MEDAN', '2018-04-12 11:00:01', '2018-04-12 11:00:01', 1, 1);
INSERT INTO `mcity` VALUES (441, 2, 'TRT', 'TAPANULI UTARA', 'MEDAN', '2018-04-12 11:00:01', '2018-04-12 11:00:01', 1, 1);
INSERT INTO `mcity` VALUES (442, 23, 'RTA', 'TAPIN', 'BANJARMASIN', '2018-04-12 11:00:01', '2018-04-12 11:00:01', 1, 1);
INSERT INTO `mcity` VALUES (443, 21, 'TRK', 'TARAKAN', 'TARAKAN', '2018-04-12 11:00:01', '2018-04-12 11:00:01', 1, 1);
INSERT INTO `mcity` VALUES (444, 13, 'TSY', 'TASIKMALAYA', 'BANDUNG', '2018-04-12 11:00:01', '2018-04-12 11:00:01', 1, 1);
INSERT INTO `mcity` VALUES (445, 2, 'TBT', 'TEBING TINGGI', 'MEDAN', '2018-04-12 11:00:01', '2019-03-19 11:31:37', 1, 12);
INSERT INTO `mcity` VALUES (446, 7, 'MRT', 'TEBO', 'JAMBI', '2018-04-12 11:00:01', '2018-04-12 11:00:01', 1, 1);
INSERT INTO `mcity` VALUES (447, 14, 'TEG', 'TEGAL', 'TEGAL', '2018-04-12 11:00:01', '2018-04-12 11:00:01', 1, 1);
INSERT INTO `mcity` VALUES (448, 34, 'NTI', 'TELUK BINTUNI', 'SORONG', '2018-04-12 11:00:01', '2018-04-12 11:00:01', 1, 1);
INSERT INTO `mcity` VALUES (449, 34, 'RAS', 'TELUK WONDAMA', 'SORONG', '2018-04-12 11:00:01', '2018-04-12 11:00:01', 1, 1);
INSERT INTO `mcity` VALUES (450, 14, 'TMG', 'TEMANGGUNG', 'YOGYAKARTA', '2018-04-12 11:00:01', '2018-04-12 11:00:01', 1, 1);
INSERT INTO `mcity` VALUES (451, 31, 'TTE', 'TERNATE', 'TERNATE', '2018-04-12 11:00:01', '2018-04-12 11:00:01', 1, 1);
INSERT INTO `mcity` VALUES (452, 31, 'TDR', 'TIDORE KEPULAUAN', 'TERNATE', '2018-04-12 11:00:01', '2018-04-12 11:00:01', 1, 1);
INSERT INTO `mcity` VALUES (453, 19, 'SOE', 'TIMOR TENGAH SELATAN', 'KUPANG', '2018-04-12 11:00:01', '2018-04-12 11:00:01', 1, 1);
INSERT INTO `mcity` VALUES (454, 19, 'KFM', 'TIMOR TENGAH UTARA', 'KUPANG', '2018-04-12 11:00:01', '2018-04-12 11:00:01', 1, 1);
INSERT INTO `mcity` VALUES (455, 2, 'BLG', 'TOBA SAMOSIR', 'MEDAN', '2018-04-12 11:00:01', '2018-04-12 11:00:01', 1, 1);
INSERT INTO `mcity` VALUES (456, 28, 'APN', 'TOJO UNA-UNA', 'PALU', '2018-04-12 11:00:01', '2018-04-12 11:00:01', 1, 1);
INSERT INTO `mcity` VALUES (457, 33, 'KBF', 'TOLIKARA', 'JAYAPURA', '2018-04-12 11:00:01', '2018-04-12 11:00:01', 1, 1);
INSERT INTO `mcity` VALUES (458, 28, 'TLI', 'TOLI-TOLI', 'PALU', '2018-04-12 11:00:01', '2018-04-12 11:00:01', 1, 1);
INSERT INTO `mcity` VALUES (459, 29, 'TMH', 'TOMOHON', 'MANADO', '2018-04-12 11:00:01', '2018-04-12 11:00:01', 1, 1);
INSERT INTO `mcity` VALUES (460, 25, 'RTP', 'TORAJA UTARA', 'MAKASSAR', '2018-04-12 11:00:01', '2018-04-12 11:00:01', 1, 1);
INSERT INTO `mcity` VALUES (461, 16, 'TGK', 'TRENGGALEK', 'SURABAYA', '2018-04-12 11:00:01', '2020-02-14 15:58:49', 1, 8867);
INSERT INTO `mcity` VALUES (462, 32, 'TUA', 'TUAL', 'AMBON', '2018-04-12 11:00:01', '2018-04-12 11:00:01', 1, 1);
INSERT INTO `mcity` VALUES (463, 16, 'TBN', 'TUBAN', 'SURABAYA', '2018-04-12 11:00:01', '2018-04-12 11:00:01', 1, 1);
INSERT INTO `mcity` VALUES (464, 10, 'MGL', 'TULANG BAWANG', 'BANDAR LAMPUNG', '2018-04-12 11:00:01', '2018-04-12 11:00:01', 1, 1);
INSERT INTO `mcity` VALUES (465, 10, 'TWG', 'TULANG BAWANG BARAT', 'BANDAR LAMPUNG', '2018-04-12 11:00:01', '2018-04-12 11:00:01', 1, 1);
INSERT INTO `mcity` VALUES (466, 16, 'TLG', 'TULUNGAGUNG', 'SURABAYA', '2018-04-12 11:00:01', '2019-07-10 10:18:39', 1, 12);
INSERT INTO `mcity` VALUES (467, 25, 'SKG', 'WAJO', 'MAKASSAR', '2018-04-12 11:00:01', '2018-04-12 11:00:01', 1, 1);
INSERT INTO `mcity` VALUES (468, 26, 'WTB', 'WAKATOBI', 'KENDARI', '2018-04-12 11:00:01', '2018-04-12 11:00:01', 1, 1);
INSERT INTO `mcity` VALUES (469, 33, 'BTW', 'WAROPEN', 'JAYAPURA', '2018-04-12 11:00:01', '2018-04-12 11:00:01', 1, 1);
INSERT INTO `mcity` VALUES (470, 10, 'BBU', 'WAY KANAN', 'BANDAR LAMPUNG', '2018-04-12 11:00:01', '2018-04-12 11:00:01', 1, 1);
INSERT INTO `mcity` VALUES (471, 14, 'WNG', 'WONOGIRI', 'SOLO', '2018-04-12 11:00:01', '2018-04-12 11:00:01', 1, 1);
INSERT INTO `mcity` VALUES (472, 14, 'WSB', 'WONOSOBO', 'PURWOKERTO', '2018-04-12 11:00:01', '2020-05-27 07:58:36', 1, 8867);
INSERT INTO `mcity` VALUES (473, 33, 'SMH', 'YAHUKIMO', 'JAYAPURA', '2018-04-12 11:00:01', '2018-04-12 11:00:01', 1, 1);
INSERT INTO `mcity` VALUES (474, 33, 'ELL', 'YALIMO', 'JAYAPURA', '2018-04-12 11:00:01', '2018-04-12 11:00:01', 1, 1);
INSERT INTO `mcity` VALUES (475, 15, 'JOG', 'YOGYAKARTA', 'YOGYAKARTA', '2018-04-12 11:00:01', '2018-04-12 11:00:01', 1, 1);
INSERT INTO `mcity` VALUES (476, 20, 'MHU', 'MAHAKAM ULU', 'MELAK', '2020-04-03 11:00:01', '2020-04-03 11:00:01', 1, 1);
INSERT INTO `mcity` VALUES (477, 31, 'SQN', 'TALIABU', 'TERNATE', '2020-07-09 11:00:01', '2020-07-09 11:00:01', 1, 1);
INSERT INTO `mcity` VALUES (478, 19, 'ABU', 'MALAKA', 'KUPANG', '2020-07-14 11:00:01', '2020-07-14 11:00:01', 1, 1);
INSERT INTO `mcity` VALUES (479, 25, 'PIN', 'PINRANG', 'MAKASSAR', '2020-09-03 15:00:01', '2020-09-03 15:00:01', 1, 1);
INSERT INTO `mcity` VALUES (480, 26, 'KOL', 'KOLAKA TIMUR', 'KENDARI', '2020-09-03 15:00:01', '2020-09-03 15:00:01', 1, 1);
INSERT INTO `mcity` VALUES (481, 26, 'PSW', 'BUTON SELATAN', 'KENDARI', '2020-09-03 15:00:01', '2020-09-03 15:00:01', 1, 1);
INSERT INTO `mcity` VALUES (482, 26, 'PSW', 'BUTON TENGAH', 'KENDARI', '2020-09-03 15:00:01', '2020-09-03 15:00:01', 1, 1);
INSERT INTO `mcity` VALUES (483, 26, 'UNH', 'KONAWE KEPULAUAN', 'KENDARI', '2020-09-03 15:00:01', '2020-09-03 15:00:01', 1, 1);
INSERT INTO `mcity` VALUES (484, 26, 'RAQ', 'MUNA BARAT', 'KENDARI', '2020-09-03 15:00:01', '2020-09-03 15:00:01', 1, 1);
INSERT INTO `mcity` VALUES (485, 27, 'MJU', 'MAMUJU TENGAH', 'MAMUJU', '2020-09-04 09:00:01', '2020-09-04 09:00:01', 1, 1);
INSERT INTO `mcity` VALUES (486, 28, 'BGG', 'BANGGAI LAUT', 'PALU', '2020-09-04 09:00:01', '2020-09-04 09:00:01', 1, 1);
INSERT INTO `mcity` VALUES (487, 28, 'MOW', 'MOROWALI UTARA', 'PALU', '2020-09-04 09:00:01', '2020-09-04 09:00:01', 1, 1);
INSERT INTO `mcity` VALUES (488, 13, 'PDN', 'PANGANDARAN', 'BANDUNG', '2020-09-07 09:00:01', '2020-09-07 09:00:01', 1, 1);
INSERT INTO `mcity` VALUES (489, 31, 'SQN', 'PULAU TALIABU', 'TERNATE', '2020-09-07 09:00:01', '2020-09-07 09:00:01', 1, 1);
INSERT INTO `mcity` VALUES (490, 34, 'MKW', 'MANOKWARI SELATAN', 'SORONG', '2020-09-07 09:00:01', '2020-09-07 09:00:01', 1, 1);
INSERT INTO `mcity` VALUES (491, 34, 'MKW', 'PEGUNUNGAN ARFAK', 'SORONG', '2020-09-07 09:00:01', '2020-09-07 09:00:01', 1, 1);
INSERT INTO `mcity` VALUES (492, 9, 'MBL', 'MUSI WARAS UTARA', 'PALEMBANG', '2020-09-14 09:00:01', '2020-09-14 09:00:01', 1, 1);
INSERT INTO `mcity` VALUES (493, 9, 'MRE', 'PENUKAL ABAB LEMATANG ILIR', 'PALEMBANG', '2020-09-14 09:00:01', '2020-09-14 09:00:01', 1, 1);
INSERT INTO `mcity` VALUES (494, 10, 'LIW', 'PESISIR BARAT', 'BANDAR LAMPUNG', '2020-09-15 09:00:01', '2020-09-15 09:00:01', 1, 1);
INSERT INTO `mcity` VALUES (501, 65, 'SIN', 'SINGAPORE,SG', 'SINGAPORE,SG', '2020-09-29 18:10:32', '2020-09-29 18:10:32', 1, 1);
INSERT INTO `mcity` VALUES (506, 60, 'KUL', 'KLANG VALLEY / KL, MY', 'MALAYSIA', '2020-09-29 18:40:43', '2020-09-29 18:40:43', 1, 12);
INSERT INTO `mcity` VALUES (507, 60, 'KUL', 'PENINSULAR, MY', 'MALAYSIA', '2020-09-29 18:41:52', '2020-09-29 18:41:52', 1, 12);
INSERT INTO `mcity` VALUES (508, 60, 'KUL', 'SABAH, MY', 'MALAYSIA', '2020-09-29 18:42:18', '2020-09-29 18:42:18', 1, 12);
INSERT INTO `mcity` VALUES (509, 60, 'KUL', 'SARAWAK, MY', 'MALAYSIA', '2020-09-29 18:42:40', '2020-09-29 18:42:40', 1, 12);
INSERT INTO `mcity` VALUES (511, 19, 'LKA', 'LARANTUKA', 'KUPANG', '2022-09-22 09:58:04', '2022-09-22 09:58:04', 1, 8567);
INSERT INTO `mcity` VALUES (512, 25, 'PLP', 'PALOPO', 'PALOPO', '2023-01-04 09:24:59', '2023-01-04 09:24:59', 1, 8567);
INSERT INTO `mcity` VALUES (513, 35, 'PAS', 'PAPUA SELATAN', 'PAPUA SELATAN', '2023-10-04 15:58:33', NULL, 1, 1);

-- ----------------------------
-- Table structure for migrations
-- ----------------------------
DROP TABLE IF EXISTS `migrations`;
CREATE TABLE `migrations`  (
  `id` int UNSIGNED NOT NULL AUTO_INCREMENT,
  `migration` varchar(255) CHARACTER SET utf8mb4 COLLATE utf8mb4_unicode_ci NOT NULL,
  `batch` int NOT NULL,
  PRIMARY KEY (`id`) USING BTREE
) ENGINE = InnoDB AUTO_INCREMENT = 22 CHARACTER SET = utf8mb4 COLLATE = utf8mb4_unicode_ci ROW_FORMAT = Dynamic;

-- ----------------------------
-- Records of migrations
-- ----------------------------
INSERT INTO `migrations` VALUES (1, '2014_10_12_000000_create_users_table', 1);
INSERT INTO `migrations` VALUES (2, '2014_10_12_100000_create_password_reset_tokens_table', 1);
INSERT INTO `migrations` VALUES (3, '2019_08_19_000000_create_failed_jobs_table', 1);
INSERT INTO `migrations` VALUES (4, '2019_12_14_000001_create_personal_access_tokens_table', 1);
INSERT INTO `migrations` VALUES (5, '2023_09_27_060917_create_permission_tables', 1);
INSERT INTO `migrations` VALUES (6, '2023_09_27_062041_create_statuses_table', 1);
INSERT INTO `migrations` VALUES (7, '2024_02_10_060141_create_shops_table', 1);
INSERT INTO `migrations` VALUES (8, '2024_02_10_141144_create_groups_table', 1);
INSERT INTO `migrations` VALUES (9, '2024_02_11_060044_create_categories_table', 1);
INSERT INTO `migrations` VALUES (10, '2024_02_11_060114_create_branches_table', 1);
INSERT INTO `migrations` VALUES (11, '2024_02_11_060839_create_units_table', 1);
INSERT INTO `migrations` VALUES (12, '2024_02_11_132821_create_accounts_table', 1);
INSERT INTO `migrations` VALUES (13, '2024_02_11_132828_create_banks_table', 1);
INSERT INTO `migrations` VALUES (14, '2024_02_13_053142_create_sizes_table', 2);
INSERT INTO `migrations` VALUES (15, '2024_02_13_053652_create_customers_table', 2);
INSERT INTO `migrations` VALUES (16, '2024_02_13_145311_create_suppliers_table', 3);
INSERT INTO `migrations` VALUES (17, '2024_02_13_145851_create_products_table', 3);
INSERT INTO `migrations` VALUES (18, '2024_02_13_152053_create_carts_table', 3);
INSERT INTO `migrations` VALUES (19, '2024_02_13_152428_create_transactions_table', 3);
INSERT INTO `migrations` VALUES (20, '2024_02_13_152603_create_transaction_details_table', 3);
INSERT INTO `migrations` VALUES (21, '2024_02_17_161902_create_expenses_table', 4);

-- ----------------------------
-- Table structure for model_has_permissions
-- ----------------------------
DROP TABLE IF EXISTS `model_has_permissions`;
CREATE TABLE `model_has_permissions`  (
  `permission_id` bigint UNSIGNED NOT NULL,
  `model_type` varchar(255) CHARACTER SET utf8mb4 COLLATE utf8mb4_unicode_ci NOT NULL,
  `model_id` bigint UNSIGNED NOT NULL,
  PRIMARY KEY (`permission_id`, `model_id`, `model_type`) USING BTREE,
  INDEX `model_has_permissions_model_id_model_type_index`(`model_id` ASC, `model_type` ASC) USING BTREE,
  CONSTRAINT `model_has_permissions_permission_id_foreign` FOREIGN KEY (`permission_id`) REFERENCES `permissions` (`id`) ON DELETE CASCADE ON UPDATE RESTRICT
) ENGINE = InnoDB CHARACTER SET = utf8mb4 COLLATE = utf8mb4_unicode_ci ROW_FORMAT = Dynamic;

-- ----------------------------
-- Records of model_has_permissions
-- ----------------------------

-- ----------------------------
-- Table structure for model_has_roles
-- ----------------------------
DROP TABLE IF EXISTS `model_has_roles`;
CREATE TABLE `model_has_roles`  (
  `role_id` bigint UNSIGNED NOT NULL,
  `model_type` varchar(255) CHARACTER SET utf8mb4 COLLATE utf8mb4_unicode_ci NOT NULL,
  `model_id` bigint UNSIGNED NOT NULL,
  PRIMARY KEY (`role_id`, `model_id`, `model_type`) USING BTREE,
  INDEX `model_has_roles_model_id_model_type_index`(`model_id` ASC, `model_type` ASC) USING BTREE,
  CONSTRAINT `model_has_roles_role_id_foreign` FOREIGN KEY (`role_id`) REFERENCES `roles` (`id`) ON DELETE CASCADE ON UPDATE RESTRICT
) ENGINE = InnoDB CHARACTER SET = utf8mb4 COLLATE = utf8mb4_unicode_ci ROW_FORMAT = Dynamic;

-- ----------------------------
-- Records of model_has_roles
-- ----------------------------
INSERT INTO `model_has_roles` VALUES (1, 'App\\Models\\User', 1);
INSERT INTO `model_has_roles` VALUES (2, 'App\\Models\\User', 2);
INSERT INTO `model_has_roles` VALUES (2, 'App\\Models\\User', 3);

-- ----------------------------
-- Table structure for password_reset_tokens
-- ----------------------------
DROP TABLE IF EXISTS `password_reset_tokens`;
CREATE TABLE `password_reset_tokens`  (
  `email` varchar(255) CHARACTER SET utf8mb4 COLLATE utf8mb4_unicode_ci NOT NULL,
  `token` varchar(255) CHARACTER SET utf8mb4 COLLATE utf8mb4_unicode_ci NOT NULL,
  `created_at` timestamp NULL DEFAULT NULL,
  PRIMARY KEY (`email`) USING BTREE
) ENGINE = InnoDB CHARACTER SET = utf8mb4 COLLATE = utf8mb4_unicode_ci ROW_FORMAT = Dynamic;

-- ----------------------------
-- Records of password_reset_tokens
-- ----------------------------

-- ----------------------------
-- Table structure for permissions
-- ----------------------------
DROP TABLE IF EXISTS `permissions`;
CREATE TABLE `permissions`  (
  `id` bigint UNSIGNED NOT NULL AUTO_INCREMENT,
  `name` varchar(255) CHARACTER SET utf8mb4 COLLATE utf8mb4_unicode_ci NOT NULL,
  `guard_name` varchar(255) CHARACTER SET utf8mb4 COLLATE utf8mb4_unicode_ci NOT NULL,
  `created_at` timestamp NULL DEFAULT NULL,
  `updated_at` timestamp NULL DEFAULT NULL,
  PRIMARY KEY (`id`) USING BTREE,
  UNIQUE INDEX `permissions_name_guard_name_unique`(`name` ASC, `guard_name` ASC) USING BTREE
) ENGINE = InnoDB AUTO_INCREMENT = 58 CHARACTER SET = utf8mb4 COLLATE = utf8mb4_unicode_ci ROW_FORMAT = Dynamic;

-- ----------------------------
-- Records of permissions
-- ----------------------------
INSERT INTO `permissions` VALUES (1, 'expenses.index', 'api', '2024-02-11 14:32:44', '2024-02-11 14:32:44');
INSERT INTO `permissions` VALUES (2, 'expenses.create', 'api', '2024-02-11 14:32:44', '2024-02-11 14:32:44');
INSERT INTO `permissions` VALUES (3, 'expenses.edit', 'api', '2024-02-11 14:32:44', '2024-02-11 14:32:44');
INSERT INTO `permissions` VALUES (4, 'expensesdelete', 'api', '2024-02-11 14:32:44', '2024-02-11 14:32:44');
INSERT INTO `permissions` VALUES (5, 'groups.index', 'api', '2024-02-11 14:32:45', '2024-02-11 14:32:45');
INSERT INTO `permissions` VALUES (6, 'groups.create', 'api', '2024-02-11 14:32:45', '2024-02-11 14:32:45');
INSERT INTO `permissions` VALUES (7, 'groups.edit', 'api', '2024-02-11 14:32:45', '2024-02-11 14:32:45');
INSERT INTO `permissions` VALUES (8, 'groups.delete', 'api', '2024-02-11 14:32:45', '2024-02-11 14:32:45');
INSERT INTO `permissions` VALUES (9, 'transaction_details.index', 'api', '2024-02-11 14:32:45', '2024-02-11 14:32:45');
INSERT INTO `permissions` VALUES (10, 'branchs.index', 'api', '2024-02-11 14:32:45', '2024-02-11 14:32:45');
INSERT INTO `permissions` VALUES (11, 'branchs.create', 'api', '2024-02-11 14:32:45', '2024-02-11 14:32:45');
INSERT INTO `permissions` VALUES (12, 'branchs.edit', 'api', '2024-02-11 14:32:45', '2024-02-11 14:32:45');
INSERT INTO `permissions` VALUES (13, 'categories.edit', 'api', '2024-02-11 14:32:45', '2024-02-11 14:32:45');
INSERT INTO `permissions` VALUES (14, 'categories.index', 'api', '2024-02-11 14:32:45', '2024-02-11 14:32:45');
INSERT INTO `permissions` VALUES (15, 'categories.create', 'api', '2024-02-11 14:32:45', '2024-02-11 14:32:45');
INSERT INTO `permissions` VALUES (16, 'categories.delete', 'api', '2024-02-11 14:32:45', '2024-02-11 14:32:45');
INSERT INTO `permissions` VALUES (17, 'roles.index', 'api', '2024-02-11 14:32:45', '2024-02-11 14:32:45');
INSERT INTO `permissions` VALUES (18, 'roles.create', 'api', '2024-02-11 14:32:45', '2024-02-11 14:32:45');
INSERT INTO `permissions` VALUES (19, 'roles.edit', 'api', '2024-02-11 14:32:45', '2024-02-11 14:32:45');
INSERT INTO `permissions` VALUES (20, 'roles.delete', 'api', '2024-02-11 14:32:45', '2024-02-11 14:32:45');
INSERT INTO `permissions` VALUES (21, 'permissions.index', 'api', '2024-02-11 14:32:45', '2024-02-11 14:32:45');
INSERT INTO `permissions` VALUES (22, 'users.index', 'api', '2024-02-11 14:32:45', '2024-02-11 14:32:45');
INSERT INTO `permissions` VALUES (23, 'users.create', 'api', '2024-02-11 14:32:45', '2024-02-11 14:32:45');
INSERT INTO `permissions` VALUES (24, 'users.edit', 'api', '2024-02-11 14:32:45', '2024-02-11 14:32:45');
INSERT INTO `permissions` VALUES (25, 'users.delete', 'api', '2024-02-11 14:32:45', '2024-02-11 14:32:45');
INSERT INTO `permissions` VALUES (26, 'status.index', 'api', '2024-02-11 14:32:45', '2024-02-11 14:32:45');
INSERT INTO `permissions` VALUES (27, 'status.create', 'api', '2024-02-11 14:32:45', '2024-02-11 14:32:45');
INSERT INTO `permissions` VALUES (28, 'status.edit', 'api', '2024-02-11 14:32:45', '2024-02-11 14:32:45');
INSERT INTO `permissions` VALUES (29, 'status.delete', 'api', '2024-02-11 14:32:45', '2024-02-11 14:32:45');
INSERT INTO `permissions` VALUES (30, 'sizes.index', 'api', '2024-02-11 14:32:45', '2024-02-11 14:32:45');
INSERT INTO `permissions` VALUES (31, 'sizes.create', 'api', '2024-02-11 14:32:45', '2024-02-11 14:32:45');
INSERT INTO `permissions` VALUES (32, 'sizes.edit', 'api', '2024-02-11 14:32:45', '2024-02-11 14:32:45');
INSERT INTO `permissions` VALUES (33, 'sizes.delete', 'api', '2024-02-11 14:32:45', '2024-02-11 14:32:45');
INSERT INTO `permissions` VALUES (34, 'customers.index', 'api', '2024-02-11 14:32:45', '2024-02-11 14:32:45');
INSERT INTO `permissions` VALUES (35, 'customers.create', 'api', '2024-02-11 14:32:45', '2024-02-11 14:32:45');
INSERT INTO `permissions` VALUES (36, 'customers.delete', 'api', '2024-02-11 14:32:45', '2024-02-11 14:32:45');
INSERT INTO `permissions` VALUES (37, 'units.index', 'api', '2024-02-11 14:32:45', '2024-02-11 14:32:45');
INSERT INTO `permissions` VALUES (38, 'units.create', 'api', '2024-02-11 14:32:45', '2024-02-11 14:32:45');
INSERT INTO `permissions` VALUES (39, 'units.edit', 'api', '2024-02-11 14:32:45', '2024-02-11 14:32:45');
INSERT INTO `permissions` VALUES (40, 'units.delete', 'api', '2024-02-11 14:32:45', '2024-02-11 14:32:45');
INSERT INTO `permissions` VALUES (41, 'suppliers.index', 'api', '2024-02-11 14:32:45', '2024-02-11 14:32:45');
INSERT INTO `permissions` VALUES (42, 'suppliers.create', 'api', '2024-02-11 14:32:45', '2024-02-11 14:32:45');
INSERT INTO `permissions` VALUES (43, 'suppliers.edit', 'api', '2024-02-11 14:32:45', '2024-02-11 14:32:45');
INSERT INTO `permissions` VALUES (44, 'suppliers.delete', 'api', '2024-02-11 14:32:46', '2024-02-11 14:32:46');
INSERT INTO `permissions` VALUES (45, 'transactions.index', 'api', '2024-02-11 14:32:46', '2024-02-11 14:32:46');
INSERT INTO `permissions` VALUES (46, 'products.create', 'api', '2024-02-11 14:32:46', '2024-02-11 14:32:46');
INSERT INTO `permissions` VALUES (47, 'products.edit', 'api', '2024-02-11 14:32:46', '2024-02-11 14:32:46');
INSERT INTO `permissions` VALUES (48, 'products.delete', 'api', '2024-02-11 14:32:46', '2024-02-11 14:32:46');
INSERT INTO `permissions` VALUES (49, 'report-expenses.index', 'api', '2024-02-11 14:32:46', '2024-02-11 14:32:46');
INSERT INTO `permissions` VALUES (50, 'report-orders.index', 'api', '2024-02-11 14:32:46', '2024-02-11 14:32:46');
INSERT INTO `permissions` VALUES (51, 'dashboard.index', 'api', '2024-02-11 14:32:46', '2024-02-11 14:32:46');
INSERT INTO `permissions` VALUES (52, 'products.index', 'api', '2024-02-11 14:32:46', '2024-02-11 14:32:46');
INSERT INTO `permissions` VALUES (53, 'product-stocks.index', 'api', '2024-02-11 14:32:46', '2024-02-11 14:32:46');
INSERT INTO `permissions` VALUES (54, 'today-orders.index', 'api', '2024-02-11 14:32:46', '2024-02-11 14:32:46');
INSERT INTO `permissions` VALUES (55, 'shops.index', 'api', '2024-02-11 14:32:45', '2024-02-11 14:32:45');
INSERT INTO `permissions` VALUES (56, 'shops.create', 'api', '2024-02-11 14:32:45', '2024-02-11 14:32:45');
INSERT INTO `permissions` VALUES (57, 'shops.edit', 'api', '2024-02-11 14:32:45', '2024-02-11 14:32:45');

-- ----------------------------
-- Table structure for personal_access_tokens
-- ----------------------------
DROP TABLE IF EXISTS `personal_access_tokens`;
CREATE TABLE `personal_access_tokens`  (
  `id` bigint UNSIGNED NOT NULL AUTO_INCREMENT,
  `tokenable_type` varchar(255) CHARACTER SET utf8mb4 COLLATE utf8mb4_unicode_ci NOT NULL,
  `tokenable_id` bigint UNSIGNED NOT NULL,
  `name` varchar(255) CHARACTER SET utf8mb4 COLLATE utf8mb4_unicode_ci NOT NULL,
  `token` varchar(64) CHARACTER SET utf8mb4 COLLATE utf8mb4_unicode_ci NOT NULL,
  `abilities` text CHARACTER SET utf8mb4 COLLATE utf8mb4_unicode_ci NULL,
  `last_used_at` timestamp NULL DEFAULT NULL,
  `expires_at` timestamp NULL DEFAULT NULL,
  `created_at` timestamp NULL DEFAULT NULL,
  `updated_at` timestamp NULL DEFAULT NULL,
  PRIMARY KEY (`id`) USING BTREE,
  UNIQUE INDEX `personal_access_tokens_token_unique`(`token` ASC) USING BTREE,
  INDEX `personal_access_tokens_tokenable_type_tokenable_id_index`(`tokenable_type` ASC, `tokenable_id` ASC) USING BTREE
) ENGINE = InnoDB CHARACTER SET = utf8mb4 COLLATE = utf8mb4_unicode_ci ROW_FORMAT = Dynamic;

-- ----------------------------
-- Records of personal_access_tokens
-- ----------------------------

-- ----------------------------
-- Table structure for products
-- ----------------------------
DROP TABLE IF EXISTS `products`;
CREATE TABLE `products`  (
  `id` bigint UNSIGNED NOT NULL AUTO_INCREMENT,
  `category_id` bigint UNSIGNED NOT NULL,
  `unit_id` bigint UNSIGNED NOT NULL,
  `size_id` bigint UNSIGNED NOT NULL,
  `image` varchar(255) CHARACTER SET utf8mb4 COLLATE utf8mb4_unicode_ci NOT NULL,
  `barcode` varchar(255) CHARACTER SET utf8mb4 COLLATE utf8mb4_unicode_ci NOT NULL,
  `product_id` varchar(255) CHARACTER SET utf8mb4 COLLATE utf8mb4_unicode_ci NOT NULL,
  `title` varchar(255) CHARACTER SET utf8mb4 COLLATE utf8mb4_unicode_ci NOT NULL,
  `description` text CHARACTER SET utf8mb4 COLLATE utf8mb4_unicode_ci NULL,
  `buy_price` bigint NOT NULL,
  `sell_price` bigint NOT NULL,
  `stock` int NOT NULL,
  `user_id` int NOT NULL,
  `updated_by` int NULL DEFAULT NULL,
  `shop_id` bigint UNSIGNED NOT NULL,
  `created_at` timestamp NULL DEFAULT NULL,
  `updated_at` timestamp NULL DEFAULT NULL,
  PRIMARY KEY (`id`) USING BTREE,
  UNIQUE INDEX `products_barcode_unique`(`barcode` ASC) USING BTREE,
  UNIQUE INDEX `products_product_id_unique`(`product_id` ASC) USING BTREE
) ENGINE = InnoDB AUTO_INCREMENT = 22 CHARACTER SET = utf8mb4 COLLATE = utf8mb4_unicode_ci ROW_FORMAT = Dynamic;

-- ----------------------------
-- Records of products
-- ----------------------------
INSERT INTO `products` VALUES (1, 1, 3, 2, 'ITs3hNMdb71dMl1wiV38AQgAJQyijU2XoWoojl45.jpg', '12314141', 'PR0001', 'Kopi Susu Gula Aren', NULL, 30000, 20000, 8, 1, 1, 1, '2024-02-14 20:58:51', '2024-02-22 05:04:02');
INSERT INTO `products` VALUES (3, 1, 1, 2, 'VMp5nKtZQQphoPBpq99F5vzo1K5xHTqEcuv1kZbJ.jpg', '12213', 'PR0002', 'Kopi Matcha', NULL, 10000, 15000, 13, 1, NULL, 1, '2024-02-14 21:01:09', '2024-02-22 05:04:02');
INSERT INTO `products` VALUES (4, 2, 3, 2, 'ITs3hNMdb71dMl1wiV38AQgAJQyijU2XoWoojl45.jpg', '1231414', 'PR0003', 'Kopi Susu Gula Aren', NULL, 30000, 20000, 0, 1, 1, 1, '2024-02-14 20:58:51', '2024-02-16 16:02:04');
INSERT INTO `products` VALUES (5, 2, 1, 2, 'VMp5nKtZQQphoPBpq99F5vzo1K5xHTqEcuv1kZbJ.jpg', '122132', 'PR0004', 'Kopi Matcha', NULL, 10000, 15000, 0, 1, NULL, 1, '2024-02-14 21:01:09', '2024-02-17 13:25:42');
INSERT INTO `products` VALUES (6, 2, 3, 2, 'ITs3hNMdb71dMl1wiV38AQgAJQyijU2XoWoojl45.jpg', '123141412', 'PR0005', 'Kopi Susu Gula Aren', NULL, 30000, 20000, 30, 1, 1, 1, '2024-02-14 20:58:51', '2024-02-22 02:01:46');
INSERT INTO `products` VALUES (7, 1, 1, 2, 'VMp5nKtZQQphoPBpq99F5vzo1K5xHTqEcuv1kZbJ.jpg', '33312', 'PR0006', 'Kopi Matcha', NULL, 10000, 15000, 32, 1, NULL, 1, '2024-02-14 21:01:09', '2024-02-21 17:46:42');
INSERT INTO `products` VALUES (8, 1, 3, 2, 'ITs3hNMdb71dMl1wiV38AQgAJQyijU2XoWoojl45.jpg', '41231', 'PR0007', 'Kopi Susu Gula Aren', NULL, 30000, 20000, 31, 1, 1, 1, '2024-02-14 20:58:51', '2024-02-17 20:20:01');
INSERT INTO `products` VALUES (9, 1, 1, 2, 'VMp5nKtZQQphoPBpq99F5vzo1K5xHTqEcuv1kZbJ.jpg', '123421', 'PR0008', 'Kopi Matcha', NULL, 10000, 15000, 51, 1, NULL, 1, '2024-02-14 21:01:09', '2024-02-22 09:02:36');
INSERT INTO `products` VALUES (10, 1, 2, 2, 'visaO7pcTKYWczoECtJv9vECbJz9X7rXqtWxepIO.jpg', '121122723', 'PR0009', 'Mocca', NULL, 20000, 25000, 33, 1, 1, 1, '2024-02-19 20:33:34', '2024-02-19 20:41:16');
INSERT INTO `products` VALUES (11, 1, 1, 2, 'RYec18J6Pof6bWKnEpPSXkVHofEsBu19A3n1hMsF.jpg', '12221', 'PR0010', 'Jus', NULL, 20000, 25000, 33, 1, NULL, 1, '2024-02-19 20:38:43', '2024-02-19 20:38:43');
INSERT INTO `products` VALUES (12, 1, 1, 1, '89D1M5KpfVzreZixqEAEfHs9dhECGQjvQGAG5Ybv.jpg', '1212121', 'PR0011', 'asd', NULL, 15000, 25000, -1, 1, 1, 1, '2024-02-19 20:42:15', '2024-02-21 16:56:14');
INSERT INTO `products` VALUES (13, 1, 2, 1, '5DxjDg0bzGnFjnzZmQ69kxQK3ES0QdJhzspCqTN8.jpg', '12123131', 'PR0012', 'Capucino', NULL, 20000, 35000, 33, 1, 1, 1, '2024-02-20 14:45:09', '2024-02-20 20:35:11');
INSERT INTO `products` VALUES (14, 1, 2, 1, 'ehgstQRQpMrGvgLIAuk6aJSk8sazRPibAcv5U9Mr.jpg', '123131', 'PR0013', 'Jus ALpukats', NULL, 20000, 30000, 33, 1, 1, 1, '2024-02-20 14:47:40', '2024-02-20 20:35:24');
INSERT INTO `products` VALUES (16, 1, 1, 1, 'xqGaVafb8UPV2bbrx96xWsTewuM6ZITLM4whkWUC.jpg', '3131', 'PR0014', 'abc', NULL, 20000, 10000, 22, 1, 1, 1, '2024-02-20 14:49:01', '2024-02-20 20:35:39');
INSERT INTO `products` VALUES (17, 1, 1, 1, 'QcqKmzKzOi7pnf385Wie9I6XAwwq6PQvlu3o32Np.jpg', '13121', 'PR0015', 'testet', NULL, 20000, 15000, 22, 1, 1, 1, '2024-02-20 20:29:20', '2024-02-20 20:35:48');
INSERT INTO `products` VALUES (18, 2, 2, 1, 'kAoCDy77qRTTwoVEpdMaTtlFepToXewCcUSrqscz.jpg', '1223311', 'PR0016', 'Jus Alpukat Premium', NULL, 25000, 30000, 31, 1, NULL, 1, '2024-02-20 20:36:08', '2024-02-20 20:36:08');
INSERT INTO `products` VALUES (21, 4, 4, 4, 'v44fWWpiEdcASAnoSVixeztRuL8nXpyhqRJPKL6i.jpg', '12313111221', 'PR0017', 'Baju Polos', NULL, 20000, 30000, 31, 3, NULL, 2, '2024-02-21 10:10:59', '2024-02-21 21:34:10');

-- ----------------------------
-- Table structure for provinsi
-- ----------------------------
DROP TABLE IF EXISTS `provinsi`;
CREATE TABLE `provinsi`  (
  `id` int NOT NULL AUTO_INCREMENT,
  `provinsi` varchar(100) CHARACTER SET latin1 COLLATE latin1_swedish_ci NULL DEFAULT NULL,
  PRIMARY KEY (`id`) USING BTREE
) ENGINE = MyISAM AUTO_INCREMENT = 38 CHARACTER SET = latin1 COLLATE = latin1_swedish_ci ROW_FORMAT = Dynamic;

-- ----------------------------
-- Records of provinsi
-- ----------------------------
INSERT INTO `provinsi` VALUES (1, 'Aceh');
INSERT INTO `provinsi` VALUES (2, 'Sumatera Utara');
INSERT INTO `provinsi` VALUES (3, 'Bengkulu');
INSERT INTO `provinsi` VALUES (4, 'Jambi');
INSERT INTO `provinsi` VALUES (5, 'Riau');
INSERT INTO `provinsi` VALUES (6, 'Sumatera Barat');
INSERT INTO `provinsi` VALUES (7, 'Sumatera Selatan');
INSERT INTO `provinsi` VALUES (8, 'Lampung');
INSERT INTO `provinsi` VALUES (9, 'Kepulauan Bangka Belitung');
INSERT INTO `provinsi` VALUES (10, 'Kepulauan Riau');
INSERT INTO `provinsi` VALUES (11, 'Banten');
INSERT INTO `provinsi` VALUES (12, 'Jawa Barat');
INSERT INTO `provinsi` VALUES (13, 'DKI Jakarta');
INSERT INTO `provinsi` VALUES (14, 'Jawa Tengah');
INSERT INTO `provinsi` VALUES (15, 'Jawa Timur');
INSERT INTO `provinsi` VALUES (16, 'Daerah Istimewa Yogyakarta');
INSERT INTO `provinsi` VALUES (17, 'Bali');
INSERT INTO `provinsi` VALUES (18, 'Nusa Tenggara Barat');
INSERT INTO `provinsi` VALUES (19, 'Nusa Tenggara Timur');
INSERT INTO `provinsi` VALUES (20, 'Kalimantan Barat');
INSERT INTO `provinsi` VALUES (21, 'Kalimantan Selatan');
INSERT INTO `provinsi` VALUES (22, 'Kalimantan Tengah');
INSERT INTO `provinsi` VALUES (23, 'Kalimantan Timur');
INSERT INTO `provinsi` VALUES (24, 'Gorontalo');
INSERT INTO `provinsi` VALUES (25, 'Sulawesi Selatan');
INSERT INTO `provinsi` VALUES (26, 'Sulawesi Tenggara');
INSERT INTO `provinsi` VALUES (27, 'Sulawesi Tengah');
INSERT INTO `provinsi` VALUES (28, 'Sulawesi Utara');
INSERT INTO `provinsi` VALUES (29, 'Sulawesi Barat');
INSERT INTO `provinsi` VALUES (30, 'Maluku');
INSERT INTO `provinsi` VALUES (31, 'Maluku Utara');
INSERT INTO `provinsi` VALUES (32, 'Papua');
INSERT INTO `provinsi` VALUES (33, 'Papua Barat');
INSERT INTO `provinsi` VALUES (34, 'Kalimantan Utara');
INSERT INTO `provinsi` VALUES (35, 'Papua Selatan');
INSERT INTO `provinsi` VALUES (36, 'Papua Tengah');
INSERT INTO `provinsi` VALUES (37, 'Papua Pegunungan');

-- ----------------------------
-- Table structure for role_has_permissions
-- ----------------------------
DROP TABLE IF EXISTS `role_has_permissions`;
CREATE TABLE `role_has_permissions`  (
  `permission_id` bigint UNSIGNED NOT NULL,
  `role_id` bigint UNSIGNED NOT NULL,
  PRIMARY KEY (`permission_id`, `role_id`) USING BTREE,
  INDEX `role_has_permissions_role_id_foreign`(`role_id` ASC) USING BTREE,
  CONSTRAINT `role_has_permissions_permission_id_foreign` FOREIGN KEY (`permission_id`) REFERENCES `permissions` (`id`) ON DELETE CASCADE ON UPDATE RESTRICT,
  CONSTRAINT `role_has_permissions_role_id_foreign` FOREIGN KEY (`role_id`) REFERENCES `roles` (`id`) ON DELETE CASCADE ON UPDATE RESTRICT
) ENGINE = InnoDB CHARACTER SET = utf8mb4 COLLATE = utf8mb4_unicode_ci ROW_FORMAT = Dynamic;

-- ----------------------------
-- Records of role_has_permissions
-- ----------------------------
INSERT INTO `role_has_permissions` VALUES (1, 1);
INSERT INTO `role_has_permissions` VALUES (2, 1);
INSERT INTO `role_has_permissions` VALUES (3, 1);
INSERT INTO `role_has_permissions` VALUES (4, 1);
INSERT INTO `role_has_permissions` VALUES (5, 1);
INSERT INTO `role_has_permissions` VALUES (6, 1);
INSERT INTO `role_has_permissions` VALUES (7, 1);
INSERT INTO `role_has_permissions` VALUES (8, 1);
INSERT INTO `role_has_permissions` VALUES (9, 1);
INSERT INTO `role_has_permissions` VALUES (10, 1);
INSERT INTO `role_has_permissions` VALUES (11, 1);
INSERT INTO `role_has_permissions` VALUES (12, 1);
INSERT INTO `role_has_permissions` VALUES (13, 1);
INSERT INTO `role_has_permissions` VALUES (14, 1);
INSERT INTO `role_has_permissions` VALUES (15, 1);
INSERT INTO `role_has_permissions` VALUES (16, 1);
INSERT INTO `role_has_permissions` VALUES (17, 1);
INSERT INTO `role_has_permissions` VALUES (18, 1);
INSERT INTO `role_has_permissions` VALUES (19, 1);
INSERT INTO `role_has_permissions` VALUES (20, 1);
INSERT INTO `role_has_permissions` VALUES (21, 1);
INSERT INTO `role_has_permissions` VALUES (22, 1);
INSERT INTO `role_has_permissions` VALUES (23, 1);
INSERT INTO `role_has_permissions` VALUES (24, 1);
INSERT INTO `role_has_permissions` VALUES (25, 1);
INSERT INTO `role_has_permissions` VALUES (26, 1);
INSERT INTO `role_has_permissions` VALUES (27, 1);
INSERT INTO `role_has_permissions` VALUES (28, 1);
INSERT INTO `role_has_permissions` VALUES (29, 1);
INSERT INTO `role_has_permissions` VALUES (30, 1);
INSERT INTO `role_has_permissions` VALUES (31, 1);
INSERT INTO `role_has_permissions` VALUES (32, 1);
INSERT INTO `role_has_permissions` VALUES (33, 1);
INSERT INTO `role_has_permissions` VALUES (34, 1);
INSERT INTO `role_has_permissions` VALUES (35, 1);
INSERT INTO `role_has_permissions` VALUES (36, 1);
INSERT INTO `role_has_permissions` VALUES (37, 1);
INSERT INTO `role_has_permissions` VALUES (38, 1);
INSERT INTO `role_has_permissions` VALUES (39, 1);
INSERT INTO `role_has_permissions` VALUES (40, 1);
INSERT INTO `role_has_permissions` VALUES (41, 1);
INSERT INTO `role_has_permissions` VALUES (42, 1);
INSERT INTO `role_has_permissions` VALUES (43, 1);
INSERT INTO `role_has_permissions` VALUES (44, 1);
INSERT INTO `role_has_permissions` VALUES (45, 1);
INSERT INTO `role_has_permissions` VALUES (46, 1);
INSERT INTO `role_has_permissions` VALUES (47, 1);
INSERT INTO `role_has_permissions` VALUES (48, 1);
INSERT INTO `role_has_permissions` VALUES (49, 1);
INSERT INTO `role_has_permissions` VALUES (50, 1);
INSERT INTO `role_has_permissions` VALUES (51, 1);
INSERT INTO `role_has_permissions` VALUES (52, 1);
INSERT INTO `role_has_permissions` VALUES (53, 1);
INSERT INTO `role_has_permissions` VALUES (54, 1);
INSERT INTO `role_has_permissions` VALUES (55, 1);
INSERT INTO `role_has_permissions` VALUES (56, 1);
INSERT INTO `role_has_permissions` VALUES (57, 1);
INSERT INTO `role_has_permissions` VALUES (1, 2);
INSERT INTO `role_has_permissions` VALUES (2, 2);
INSERT INTO `role_has_permissions` VALUES (3, 2);
INSERT INTO `role_has_permissions` VALUES (4, 2);
INSERT INTO `role_has_permissions` VALUES (9, 2);
INSERT INTO `role_has_permissions` VALUES (13, 2);
INSERT INTO `role_has_permissions` VALUES (14, 2);
INSERT INTO `role_has_permissions` VALUES (15, 2);
INSERT INTO `role_has_permissions` VALUES (16, 2);
INSERT INTO `role_has_permissions` VALUES (30, 2);
INSERT INTO `role_has_permissions` VALUES (31, 2);
INSERT INTO `role_has_permissions` VALUES (32, 2);
INSERT INTO `role_has_permissions` VALUES (33, 2);
INSERT INTO `role_has_permissions` VALUES (34, 2);
INSERT INTO `role_has_permissions` VALUES (35, 2);
INSERT INTO `role_has_permissions` VALUES (36, 2);
INSERT INTO `role_has_permissions` VALUES (37, 2);
INSERT INTO `role_has_permissions` VALUES (38, 2);
INSERT INTO `role_has_permissions` VALUES (39, 2);
INSERT INTO `role_has_permissions` VALUES (40, 2);
INSERT INTO `role_has_permissions` VALUES (41, 2);
INSERT INTO `role_has_permissions` VALUES (42, 2);
INSERT INTO `role_has_permissions` VALUES (43, 2);
INSERT INTO `role_has_permissions` VALUES (44, 2);
INSERT INTO `role_has_permissions` VALUES (45, 2);
INSERT INTO `role_has_permissions` VALUES (46, 2);
INSERT INTO `role_has_permissions` VALUES (47, 2);
INSERT INTO `role_has_permissions` VALUES (48, 2);
INSERT INTO `role_has_permissions` VALUES (49, 2);
INSERT INTO `role_has_permissions` VALUES (50, 2);
INSERT INTO `role_has_permissions` VALUES (51, 2);
INSERT INTO `role_has_permissions` VALUES (52, 2);
INSERT INTO `role_has_permissions` VALUES (53, 2);
INSERT INTO `role_has_permissions` VALUES (54, 2);
INSERT INTO `role_has_permissions` VALUES (54, 3);

-- ----------------------------
-- Table structure for roles
-- ----------------------------
DROP TABLE IF EXISTS `roles`;
CREATE TABLE `roles`  (
  `id` bigint UNSIGNED NOT NULL AUTO_INCREMENT,
  `name` varchar(255) CHARACTER SET utf8mb4 COLLATE utf8mb4_unicode_ci NOT NULL,
  `guard_name` varchar(255) CHARACTER SET utf8mb4 COLLATE utf8mb4_unicode_ci NOT NULL,
  `created_at` timestamp NULL DEFAULT NULL,
  `updated_at` timestamp NULL DEFAULT NULL,
  PRIMARY KEY (`id`) USING BTREE,
  UNIQUE INDEX `roles_name_guard_name_unique`(`name` ASC, `guard_name` ASC) USING BTREE
) ENGINE = InnoDB AUTO_INCREMENT = 4 CHARACTER SET = utf8mb4 COLLATE = utf8mb4_unicode_ci ROW_FORMAT = Dynamic;

-- ----------------------------
-- Records of roles
-- ----------------------------
INSERT INTO `roles` VALUES (1, 'admin', 'api', '2024-02-11 14:32:44', '2024-02-11 14:32:44');
INSERT INTO `roles` VALUES (2, 'admin shop', 'api', '2024-02-18 13:53:20', '2024-02-20 20:43:22');
INSERT INTO `roles` VALUES (3, 'Toeay', 'api', '2024-02-22 01:07:40', '2024-02-22 01:07:40');

-- ----------------------------
-- Table structure for shops
-- ----------------------------
DROP TABLE IF EXISTS `shops`;
CREATE TABLE `shops`  (
  `id` bigint UNSIGNED NOT NULL AUTO_INCREMENT,
  `shop_name` varchar(255) CHARACTER SET utf8mb4 COLLATE utf8mb4_unicode_ci NOT NULL,
  `header_inv` varchar(255) CHARACTER SET utf8mb4 COLLATE utf8mb4_unicode_ci NOT NULL,
  `address` varchar(255) CHARACTER SET utf8mb4 COLLATE utf8mb4_unicode_ci NOT NULL,
  `phone` varchar(255) CHARACTER SET utf8mb4 COLLATE utf8mb4_unicode_ci NOT NULL,
  `image` varchar(255) CHARACTER SET utf8mb4 COLLATE utf8mb4_unicode_ci NOT NULL,
  `owner_name` varchar(255) CHARACTER SET utf8mb4 COLLATE utf8mb4_unicode_ci NULL DEFAULT NULL,
  `user_id` bigint UNSIGNED NOT NULL,
  `status_id` int NULL DEFAULT NULL,
  `created_by` int NULL DEFAULT NULL,
  `updated_by` int NULL DEFAULT NULL,
  `created_at` timestamp NULL DEFAULT NULL,
  `updated_at` timestamp NULL DEFAULT NULL,
  PRIMARY KEY (`id`) USING BTREE
) ENGINE = InnoDB AUTO_INCREMENT = 3 CHARACTER SET = utf8mb4 COLLATE = utf8mb4_unicode_ci ROW_FORMAT = Dynamic;

-- ----------------------------
-- Records of shops
-- ----------------------------
INSERT INTO `shops` VALUES (1, 'mwdstore', 'MWD', 'bekasi e', '31083108', 'rbzgbCIj3VZexAJbhFQqv6eHfu2lkgj8ZSogR40w.png', 'mulya', 1, 1, 1, 1, '2024-02-11 20:47:25', '2024-02-13 11:51:05');
INSERT INTO `shops` VALUES (2, 'mwdtect', 'MWS', 'bekasi e', '31083108', 'rbzgbCIj3VZexAJbhFQqv6eHfu2lkgj8ZSogR40w.png', 'mulya', 3, 1, 1, 1, '2024-02-11 20:47:25', '2024-02-13 11:51:05');

-- ----------------------------
-- Table structure for sizes
-- ----------------------------
DROP TABLE IF EXISTS `sizes`;
CREATE TABLE `sizes`  (
  `id` bigint UNSIGNED NOT NULL AUTO_INCREMENT,
  `shop_id` bigint UNSIGNED NOT NULL,
  `user_id` bigint UNSIGNED NOT NULL,
  `name` varchar(255) CHARACTER SET utf8mb4 COLLATE utf8mb4_unicode_ci NOT NULL,
  `updated_by` int NULL DEFAULT NULL,
  `created_at` timestamp NULL DEFAULT NULL,
  `updated_at` timestamp NULL DEFAULT NULL,
  PRIMARY KEY (`id`) USING BTREE
) ENGINE = InnoDB AUTO_INCREMENT = 6 CHARACTER SET = utf8mb4 COLLATE = utf8mb4_unicode_ci ROW_FORMAT = Dynamic;

-- ----------------------------
-- Records of sizes
-- ----------------------------
INSERT INTO `sizes` VALUES (1, 1, 1, 'XL', 1, '2024-02-13 13:26:35', '2024-02-13 13:30:26');
INSERT INTO `sizes` VALUES (2, 1, 1, 'L', NULL, '2024-02-13 13:30:30', '2024-02-13 13:30:30');
INSERT INTO `sizes` VALUES (3, 1, 1, 'M', NULL, '2024-02-13 13:30:33', '2024-02-13 13:30:33');
INSERT INTO `sizes` VALUES (4, 2, 3, 'L', NULL, '2024-02-20 21:03:08', '2024-02-20 21:03:08');
INSERT INTO `sizes` VALUES (5, 2, 3, 'XL', NULL, '2024-02-20 21:03:11', '2024-02-20 21:03:11');

-- ----------------------------
-- Table structure for statuses
-- ----------------------------
DROP TABLE IF EXISTS `statuses`;
CREATE TABLE `statuses`  (
  `id` bigint UNSIGNED NOT NULL AUTO_INCREMENT,
  `name` varchar(255) CHARACTER SET utf8mb4 COLLATE utf8mb4_unicode_ci NOT NULL,
  `group_id` varchar(255) CHARACTER SET utf8mb4 COLLATE utf8mb4_unicode_ci NULL DEFAULT NULL,
  `created_by` bigint NULL DEFAULT NULL,
  `updated_by` bigint NULL DEFAULT NULL,
  `created_at` timestamp NULL DEFAULT NULL,
  `updated_at` timestamp NULL DEFAULT NULL,
  PRIMARY KEY (`id`) USING BTREE
) ENGINE = InnoDB AUTO_INCREMENT = 3 CHARACTER SET = utf8mb4 COLLATE = utf8mb4_unicode_ci ROW_FORMAT = Dynamic;

-- ----------------------------
-- Records of statuses
-- ----------------------------
INSERT INTO `statuses` VALUES (1, 'Active', NULL, NULL, 1, '2024-02-11 14:32:46', '2024-02-21 17:09:57');
INSERT INTO `statuses` VALUES (2, 'Non Active', NULL, 1, NULL, '2024-02-11 17:40:01', '2024-02-11 17:40:01');

-- ----------------------------
-- Table structure for suppliers
-- ----------------------------
DROP TABLE IF EXISTS `suppliers`;
CREATE TABLE `suppliers`  (
  `id` bigint UNSIGNED NOT NULL AUTO_INCREMENT,
  `supplier_name` varchar(255) CHARACTER SET utf8mb4 COLLATE utf8mb4_unicode_ci NOT NULL,
  `supplier_id` varchar(255) CHARACTER SET utf8mb4 COLLATE utf8mb4_unicode_ci NOT NULL,
  `address` varchar(255) CHARACTER SET utf8mb4 COLLATE utf8mb4_unicode_ci NULL DEFAULT NULL,
  `email` varchar(255) CHARACTER SET utf8mb4 COLLATE utf8mb4_unicode_ci NULL DEFAULT NULL,
  `phone` varchar(255) CHARACTER SET utf8mb4 COLLATE utf8mb4_unicode_ci NULL DEFAULT NULL,
  `shop_id` varchar(255) CHARACTER SET utf8mb4 COLLATE utf8mb4_unicode_ci NULL DEFAULT NULL,
  `user_id` int NULL DEFAULT NULL,
  `updated_by` int NULL DEFAULT NULL,
  `status` tinyint(1) NOT NULL DEFAULT 0,
  `created_at` timestamp NULL DEFAULT NULL,
  `updated_at` timestamp NULL DEFAULT NULL,
  PRIMARY KEY (`id`) USING BTREE
) ENGINE = InnoDB AUTO_INCREMENT = 5 CHARACTER SET = utf8mb4 COLLATE = utf8mb4_unicode_ci ROW_FORMAT = Dynamic;

-- ----------------------------
-- Records of suppliers
-- ----------------------------
INSERT INTO `suppliers` VALUES (1, 'TokoPedia', 'MWDSP0001', 'tes', NULL, '19544', '1', 1, NULL, 1, '2024-02-18 13:31:41', '2024-02-18 13:31:41');
INSERT INTO `suppliers` VALUES (2, 'Tokopedia', 'MWSSP0001', 'bekasi', NULL, '301831', '2', 3, NULL, 1, '2024-02-20 21:17:12', '2024-02-20 21:17:12');
INSERT INTO `suppliers` VALUES (3, 'Shopee', 'MWSSP0002', 'tes', NULL, '1038193', '2', 3, NULL, 1, '2024-02-21 10:09:54', '2024-02-21 10:09:54');
INSERT INTO `suppliers` VALUES (4, 'Testing', 'MWDSP0002', 'Jakarta', NULL, '669949', '1', 1, NULL, 1, '2024-02-21 18:00:47', '2024-02-21 18:00:47');

-- ----------------------------
-- Table structure for transaction_details
-- ----------------------------
DROP TABLE IF EXISTS `transaction_details`;
CREATE TABLE `transaction_details`  (
  `id` bigint UNSIGNED NOT NULL AUTO_INCREMENT,
  `invoice` varchar(255) CHARACTER SET utf8mb4 COLLATE utf8mb4_unicode_ci NULL DEFAULT NULL,
  `transaction_id` bigint UNSIGNED NOT NULL,
  `product_id` bigint UNSIGNED NOT NULL,
  `qty` int NOT NULL,
  `price` bigint NOT NULL,
  `disc` bigint NULL DEFAULT NULL,
  `created_by` int NOT NULL,
  `updated_by` int NULL DEFAULT NULL,
  `shop_id` bigint UNSIGNED NOT NULL,
  `created_at` timestamp NULL DEFAULT NULL,
  `updated_at` timestamp NULL DEFAULT NULL,
  PRIMARY KEY (`id`) USING BTREE
) ENGINE = InnoDB AUTO_INCREMENT = 52 CHARACTER SET = utf8mb4 COLLATE = utf8mb4_unicode_ci ROW_FORMAT = Dynamic;

-- ----------------------------
-- Records of transaction_details
-- ----------------------------
INSERT INTO `transaction_details` VALUES (1, 'INV-3X6DQ5A0HO', 3, 1, 9, 20000, NULL, 1, NULL, 1, '2024-02-16 16:02:04', '2024-02-16 16:02:04');
INSERT INTO `transaction_details` VALUES (2, 'INV-3X6DQ5A0HO', 3, 3, 7, 15000, NULL, 1, NULL, 1, '2024-02-16 16:02:04', '2024-02-16 16:02:04');
INSERT INTO `transaction_details` VALUES (3, 'INV-3X6DQ5A0HO', 3, 4, 14, 20000, NULL, 1, NULL, 1, '2024-02-16 16:02:04', '2024-02-16 16:02:04');
INSERT INTO `transaction_details` VALUES (4, 'INV-3X6DQ5A0HO', 3, 5, 21, 15000, NULL, 1, NULL, 1, '2024-02-16 16:02:04', '2024-02-16 16:02:04');
INSERT INTO `transaction_details` VALUES (5, 'INV-IU95B39Y9L', 4, 5, 1, 15000, NULL, 1, NULL, 1, '2024-02-17 06:13:19', '2024-02-17 06:13:19');
INSERT INTO `transaction_details` VALUES (6, 'INV-IU95B39Y9L', 4, 3, 1, 15000, NULL, 1, NULL, 1, '2024-02-17 06:13:19', '2024-02-17 06:13:19');
INSERT INTO `transaction_details` VALUES (7, 'INV-IU95B39Y9L', 4, 1, 1, 20000, NULL, 1, NULL, 1, '2024-02-17 06:13:19', '2024-02-17 06:13:19');
INSERT INTO `transaction_details` VALUES (8, 'INV-IU95B39Y9L', 4, 9, 1, 15000, NULL, 1, NULL, 1, '2024-02-17 06:13:19', '2024-02-17 06:13:19');
INSERT INTO `transaction_details` VALUES (9, 'INV-6UFG8N3N7R', 5, 5, 1, 15000, NULL, 1, NULL, 1, '2024-02-17 06:44:05', '2024-02-17 06:44:05');
INSERT INTO `transaction_details` VALUES (10, 'INV-VNF1W93J43', 6, 5, 1, 15000, NULL, 1, NULL, 1, '2024-02-17 06:46:43', '2024-02-17 06:46:43');
INSERT INTO `transaction_details` VALUES (11, 'INV-ED6V126N46', 7, 5, 2, 15000, NULL, 1, NULL, 1, '2024-02-17 06:50:54', '2024-02-17 06:50:54');
INSERT INTO `transaction_details` VALUES (12, 'INV-IAIM1R01Y2', 8, 5, 1, 15000, NULL, 1, NULL, 1, '2024-02-17 06:52:17', '2024-02-17 06:52:17');
INSERT INTO `transaction_details` VALUES (13, 'INV-28FJS37I48', 9, 5, 2, 15000, NULL, 1, NULL, 1, '2024-02-17 13:22:55', '2024-02-17 13:22:55');
INSERT INTO `transaction_details` VALUES (14, 'INV-K3093GZO1T', 10, 5, 1, 15000, NULL, 1, NULL, 1, '2024-02-17 13:23:56', '2024-02-17 13:23:56');
INSERT INTO `transaction_details` VALUES (15, 'INV-8K7ZFT963N', 11, 5, 1, 15000, NULL, 1, NULL, 1, '2024-02-17 13:24:30', '2024-02-17 13:24:30');
INSERT INTO `transaction_details` VALUES (16, 'INV-V63RGS86D9', 12, 5, 1, 15000, NULL, 1, NULL, 1, '2024-02-17 13:24:53', '2024-02-17 13:24:53');
INSERT INTO `transaction_details` VALUES (17, 'INV-PVTR96G9OQ', 13, 5, 1, 15000, NULL, 1, NULL, 1, '2024-02-17 13:25:42', '2024-02-17 13:25:42');
INSERT INTO `transaction_details` VALUES (18, 'INV-0A2087KAB2', 14, 3, 1, 15000, NULL, 1, NULL, 1, '2024-02-17 13:26:09', '2024-02-17 13:26:09');
INSERT INTO `transaction_details` VALUES (19, 'INV-D9PE2C01T9', 15, 9, 1, 15000, NULL, 1, NULL, 1, '2024-02-17 13:26:33', '2024-02-17 13:26:33');
INSERT INTO `transaction_details` VALUES (20, 'INV-218Z2H3KQ8', 16, 3, 1, 15000, NULL, 1, NULL, 1, '2024-02-17 13:27:11', '2024-02-17 13:27:11');
INSERT INTO `transaction_details` VALUES (21, 'INV-AZZ79T77S9', 17, 9, 1, 15000, NULL, 1, NULL, 1, '2024-02-17 13:27:45', '2024-02-17 13:27:45');
INSERT INTO `transaction_details` VALUES (22, 'INV-DH7ZVAE8QB', 18, 3, 1, 15000, NULL, 1, NULL, 1, '2024-02-17 13:29:58', '2024-02-17 13:29:58');
INSERT INTO `transaction_details` VALUES (23, 'INV-404NPIH9TA', 19, 3, 1, 15000, NULL, 1, NULL, 1, '2024-02-17 13:30:25', '2024-02-17 13:30:25');
INSERT INTO `transaction_details` VALUES (24, 'INV-896TYG7LN9', 20, 3, 1, 15000, NULL, 1, NULL, 1, '2024-02-17 13:42:57', '2024-02-17 13:42:57');
INSERT INTO `transaction_details` VALUES (25, 'INV-1LXW4U71VS', 21, 1, 1, 20000, NULL, 1, NULL, 1, '2024-02-17 13:44:43', '2024-02-17 13:44:43');
INSERT INTO `transaction_details` VALUES (26, 'INV-AJ6763G36A', 22, 9, 1, 15000, NULL, 1, NULL, 1, '2024-02-17 13:46:21', '2024-02-17 13:46:21');
INSERT INTO `transaction_details` VALUES (27, 'INV-4E15EQQP09', 23, 1, 1, 20000, NULL, 1, NULL, 1, '2024-02-17 13:53:45', '2024-02-17 13:53:45');
INSERT INTO `transaction_details` VALUES (28, 'INV-VP00A702UJ', 24, 9, 1, 15000, NULL, 1, NULL, 1, '2024-02-17 14:22:50', '2024-02-17 14:22:50');
INSERT INTO `transaction_details` VALUES (29, 'INV-I6G0006CMP', 25, 3, 1, 15000, NULL, 1, NULL, 1, '2024-02-17 14:23:58', '2024-02-17 14:23:58');
INSERT INTO `transaction_details` VALUES (30, 'INV-VYU2BJ7PG4', 26, 1, 1, 20000, NULL, 1, NULL, 1, '2024-02-17 14:24:53', '2024-02-17 14:24:53');
INSERT INTO `transaction_details` VALUES (31, 'INV-03691A07UB', 27, 3, 1, 15000, NULL, 1, NULL, 1, '2024-02-17 20:20:01', '2024-02-17 20:20:01');
INSERT INTO `transaction_details` VALUES (32, 'INV-03691A07UB', 27, 8, 2, 20000, NULL, 1, NULL, 1, '2024-02-17 20:20:01', '2024-02-17 20:20:01');
INSERT INTO `transaction_details` VALUES (33, 'INV-03691A07UB', 27, 6, 1, 20000, NULL, 1, NULL, 1, '2024-02-17 20:20:01', '2024-02-17 20:20:01');
INSERT INTO `transaction_details` VALUES (34, 'MWDTRX0001', 1, 3, 1, 15000, NULL, 1, NULL, 1, '2024-02-18 13:29:58', '2024-02-18 13:29:58');
INSERT INTO `transaction_details` VALUES (35, 'MWDTRX0002', 2, 1, 1, 20000, NULL, 1, NULL, 1, '2024-02-18 13:30:40', '2024-02-18 13:30:40');
INSERT INTO `transaction_details` VALUES (36, 'MWDTRX0003', 3, 3, 1, 15000, NULL, 1, NULL, 1, '2024-02-19 20:45:53', '2024-02-19 20:45:53');
INSERT INTO `transaction_details` VALUES (37, 'MWDTRX0003', 3, 1, 3, 20000, NULL, 1, NULL, 1, '2024-02-19 20:45:53', '2024-02-19 20:45:53');
INSERT INTO `transaction_details` VALUES (38, 'MWDTRX0004', 4, 3, 1, 15000, NULL, 1, NULL, 1, '2024-02-20 21:20:30', '2024-02-20 21:20:30');
INSERT INTO `transaction_details` VALUES (39, 'MWSTRX0001', 5, 21, 1, 30000, NULL, 3, NULL, 2, '2024-02-21 11:49:39', '2024-02-21 11:49:39');
INSERT INTO `transaction_details` VALUES (40, 'MWDTRX0005', 6, 3, 1, 15000, NULL, 1, NULL, 1, '2024-02-21 16:44:09', '2024-02-21 16:44:09');
INSERT INTO `transaction_details` VALUES (41, 'MWDTRX0006', 7, 12, 23, 25000, NULL, 1, NULL, 1, '2024-02-21 16:56:14', '2024-02-21 16:56:14');
INSERT INTO `transaction_details` VALUES (42, 'MWDTRX0007', 8, 6, 1, 20000, NULL, 1, NULL, 1, '2024-02-21 17:46:41', '2024-02-21 17:46:41');
INSERT INTO `transaction_details` VALUES (43, 'MWDTRX0007', 8, 7, 1, 15000, NULL, 1, NULL, 1, '2024-02-21 17:46:42', '2024-02-21 17:46:42');
INSERT INTO `transaction_details` VALUES (44, 'MWDTRX0009', 10, 9, -29, 15000, NULL, 1, NULL, 1, '2024-02-21 21:34:09', '2024-02-21 21:34:09');
INSERT INTO `transaction_details` VALUES (45, 'MWDTRX0009', 10, 21, 1, 30000, NULL, 1, NULL, 1, '2024-02-21 21:34:10', '2024-02-21 21:34:10');
INSERT INTO `transaction_details` VALUES (46, 'MWDTRX0009', 10, 1, 7, 20000, NULL, 1, NULL, 1, '2024-02-21 21:34:10', '2024-02-21 21:34:10');
INSERT INTO `transaction_details` VALUES (47, 'MWDTRX0010', 11, 6, 1, 20000, NULL, 1, NULL, 1, '2024-02-22 02:01:46', '2024-02-22 02:01:46');
INSERT INTO `transaction_details` VALUES (48, 'MWDTRX0010', 11, 9, 1, 15000, NULL, 1, NULL, 1, '2024-02-22 02:01:48', '2024-02-22 02:01:48');
INSERT INTO `transaction_details` VALUES (49, 'MWDTRX0012', 13, 1, 1, 20000, NULL, 1, NULL, 1, '2024-02-22 05:04:01', '2024-02-22 05:04:01');
INSERT INTO `transaction_details` VALUES (50, 'MWDTRX0012', 13, 3, 1, 15000, NULL, 1, NULL, 1, '2024-02-22 05:04:02', '2024-02-22 05:04:02');
INSERT INTO `transaction_details` VALUES (51, 'MWDTRX0013', 14, 9, 5, 15000, NULL, 1, NULL, 1, '2024-02-22 09:02:32', '2024-02-22 09:02:32');

-- ----------------------------
-- Table structure for transactions
-- ----------------------------
DROP TABLE IF EXISTS `transactions`;
CREATE TABLE `transactions`  (
  `id` bigint UNSIGNED NOT NULL AUTO_INCREMENT,
  `user_id` bigint UNSIGNED NOT NULL,
  `customer_id` bigint UNSIGNED NULL DEFAULT NULL,
  `sub_total` bigint NULL DEFAULT NULL,
  `invoice` varchar(255) CHARACTER SET utf8mb4 COLLATE utf8mb4_unicode_ci NOT NULL,
  `cash` bigint NOT NULL,
  `change` bigint NOT NULL,
  `discount` bigint NOT NULL,
  `tax` bigint NULL DEFAULT NULL,
  `grand_total` bigint NOT NULL,
  `created_by` int NOT NULL,
  `updated_by` int NULL DEFAULT NULL,
  `shop_id` bigint UNSIGNED NOT NULL,
  `created_at` timestamp NULL DEFAULT NULL,
  `updated_at` timestamp NULL DEFAULT NULL,
  PRIMARY KEY (`id`) USING BTREE
) ENGINE = InnoDB AUTO_INCREMENT = 15 CHARACTER SET = utf8mb4 COLLATE = utf8mb4_unicode_ci ROW_FORMAT = Dynamic;

-- ----------------------------
-- Records of transactions
-- ----------------------------
INSERT INTO `transactions` VALUES (1, 1, 1, 15000, 'MWDTRX0001', 20000, -5000, 0, NULL, 15000, 1, NULL, 1, '2024-02-18 13:29:58', '2024-02-18 13:29:58');
INSERT INTO `transactions` VALUES (2, 1, 3, 20000, 'MWDTRX0002', 25000, -5000, 0, NULL, 20000, 1, NULL, 1, '2024-02-18 13:30:40', '2024-02-18 13:30:40');
INSERT INTO `transactions` VALUES (3, 1, 2, 75000, 'MWDTRX0003', 80000, -5000, 0, NULL, 75000, 1, NULL, 1, '2024-02-19 20:45:53', '2024-02-19 20:45:53');
INSERT INTO `transactions` VALUES (4, 1, 1, 15000, 'MWDTRX0004', 17000, -2000, 0, NULL, 15000, 1, NULL, 1, '2024-02-20 21:20:30', '2024-02-20 21:20:30');
INSERT INTO `transactions` VALUES (5, 3, 6, 30000, 'MWSTRX0001', 40000, -10000, 0, NULL, 30000, 3, NULL, 2, '2024-02-21 11:49:39', '2024-02-21 11:49:39');
INSERT INTO `transactions` VALUES (6, 1, 5, 15000, 'MWDTRX0005', 20000, -4989, 0, NULL, 15011, 1, NULL, 1, '2024-02-21 16:44:09', '2024-02-21 16:44:09');
INSERT INTO `transactions` VALUES (7, 1, 2, 575000, 'MWDTRX0006', 800000, -225000, 0, NULL, 575000, 1, NULL, 1, '2024-02-21 16:56:14', '2024-02-21 16:56:14');
INSERT INTO `transactions` VALUES (8, 1, 2, 35000, 'MWDTRX0007', 100000, -65000, 0, NULL, 35000, 1, NULL, 1, '2024-02-21 17:46:40', '2024-02-21 17:46:40');
INSERT INTO `transactions` VALUES (9, 1, 2, 35000, 'MWDTRX0008', 100000, -65000, 0, NULL, 35000, 1, NULL, 1, '2024-02-21 17:46:43', '2024-02-21 17:46:43');
INSERT INTO `transactions` VALUES (10, 1, 2, -265000, 'MWDTRX0009', 10000, -275000, 0, NULL, -265000, 1, NULL, 1, '2024-02-21 21:34:09', '2024-02-21 21:34:09');
INSERT INTO `transactions` VALUES (11, 1, 6, 35000, 'MWDTRX0010', 100000, -65000, 0, NULL, 35000, 1, NULL, 1, '2024-02-22 02:01:46', '2024-02-22 02:01:46');
INSERT INTO `transactions` VALUES (12, 1, 6, 35000, 'MWDTRX0011', 100000, -65000, 0, NULL, 35000, 1, NULL, 1, '2024-02-22 02:01:49', '2024-02-22 02:01:49');
INSERT INTO `transactions` VALUES (13, 1, 2, 35000, 'MWDTRX0012', 50000, -15000, 0, NULL, 35000, 1, NULL, 1, '2024-02-22 05:04:01', '2024-02-22 05:04:01');
INSERT INTO `transactions` VALUES (14, 1, 3, 75000, 'MWDTRX0013', 100000, -25000, 0, NULL, 75000, 1, NULL, 1, '2024-02-22 09:02:32', '2024-02-22 09:02:32');

-- ----------------------------
-- Table structure for units
-- ----------------------------
DROP TABLE IF EXISTS `units`;
CREATE TABLE `units`  (
  `id` bigint UNSIGNED NOT NULL AUTO_INCREMENT,
  `unit_name` varchar(255) CHARACTER SET utf8mb4 COLLATE utf8mb4_unicode_ci NOT NULL,
  `user_id` bigint UNSIGNED NULL DEFAULT NULL,
  `shop_id` bigint UNSIGNED NULL DEFAULT NULL,
  `branch_id` bigint UNSIGNED NULL DEFAULT NULL,
  `created_at` timestamp NULL DEFAULT NULL,
  `updated_at` timestamp NULL DEFAULT NULL,
  PRIMARY KEY (`id`) USING BTREE
) ENGINE = InnoDB AUTO_INCREMENT = 5 CHARACTER SET = utf8mb4 COLLATE = utf8mb4_unicode_ci ROW_FORMAT = Dynamic;

-- ----------------------------
-- Records of units
-- ----------------------------
INSERT INTO `units` VALUES (1, 'Kg', NULL, NULL, NULL, '2024-02-11 14:32:46', '2024-02-11 14:32:46');
INSERT INTO `units` VALUES (2, 'Liter', 1, 1, NULL, '2024-02-13 11:57:55', '2024-02-13 11:57:55');
INSERT INTO `units` VALUES (3, 'gr', 1, 1, NULL, '2024-02-13 11:58:02', '2024-02-13 11:59:33');
INSERT INTO `units` VALUES (4, 'Pcs', 3, 2, 2, '2024-02-21 10:08:52', '2024-02-21 10:08:52');

-- ----------------------------
-- Table structure for users
-- ----------------------------
DROP TABLE IF EXISTS `users`;
CREATE TABLE `users`  (
  `id` bigint UNSIGNED NOT NULL AUTO_INCREMENT,
  `name` varchar(255) CHARACTER SET utf8mb4 COLLATE utf8mb4_unicode_ci NOT NULL,
  `user_name` varchar(255) CHARACTER SET utf8mb4 COLLATE utf8mb4_unicode_ci NOT NULL,
  `shop_id` bigint NOT NULL,
  `branch_id` bigint NOT NULL,
  `type_user` tinyint NULL DEFAULT NULL,
  `email` varchar(255) CHARACTER SET utf8mb4 COLLATE utf8mb4_unicode_ci NOT NULL,
  `email_verified_at` timestamp NULL DEFAULT NULL,
  `password` varchar(255) CHARACTER SET utf8mb4 COLLATE utf8mb4_unicode_ci NOT NULL,
  `created_by` int NULL DEFAULT NULL,
  `updated_by` int NULL DEFAULT NULL,
  `remember_token` varchar(100) CHARACTER SET utf8mb4 COLLATE utf8mb4_unicode_ci NULL DEFAULT NULL,
  `created_at` timestamp NULL DEFAULT NULL,
  `updated_at` timestamp NULL DEFAULT NULL,
  PRIMARY KEY (`id`) USING BTREE,
  UNIQUE INDEX `users_email_unique`(`email` ASC) USING BTREE
) ENGINE = InnoDB AUTO_INCREMENT = 4 CHARACTER SET = utf8mb4 COLLATE = utf8mb4_unicode_ci ROW_FORMAT = Dynamic;

-- ----------------------------
-- Records of users
-- ----------------------------
INSERT INTO `users` VALUES (1, 'Administrator', 'admin', 1, 1, 1, 'admin@gmail.com', NULL, '$2y$10$CV8PuYfIVJ.NQ3jU6evdxOhhnCOy./q6B5Qz6YqRV7b9HnKhhXHqO', NULL, NULL, NULL, '2024-02-11 14:32:45', '2024-02-11 14:32:45');
INSERT INTO `users` VALUES (2, 'Mulya wardhana', 'mulya', 2, 1, 2, 'mulya@gmail.com', NULL, '$2y$10$CV8PuYfIVJ.NQ3jU6evdxOhhnCOy./q6B5Qz6YqRV7b9HnKhhXHqO', NULL, NULL, NULL, '2024-02-11 14:32:45', '2024-02-11 14:32:45');
INSERT INTO `users` VALUES (3, 'anta', 'anta', 2, 2, 2, 'anta@gmail.com', NULL, '$2y$10$iTiwX7PgUqSSDDVp4XBcteazwQPpDnkFuvGOJN34kbd.Plp4aJESK', NULL, NULL, NULL, '2024-02-19 09:51:28', '2024-02-20 21:02:20');

SET FOREIGN_KEY_CHECKS = 1;
